Entidad,Year,Month,Gas87,Gas91,Diesel,Longitud,Latitud
Aguascalientes,2017,1,16.19,17.96,17.28,-102.291,21.8818
Aguascalientes,2017,2,16.22,17.99,17.31,-102.291,21.8818
Aguascalientes,2017,3,16.1,17.86,17.16,-102.291,21.8818
Aguascalientes,2017,4,16.12,17.85,17.09,-102.291,21.8818
Aguascalientes,2017,5,16.03,17.78,16.97,-102.291,21.8818
Aguascalientes,2017,6,15.94,17.64,16.79,-102.291,21.8818
Aguascalientes,2017,7,15.86,17.54,16.66,-102.291,21.8818
Aguascalientes,2017,8,15.92,17.62,16.71,-102.291,21.8818
Aguascalientes,2017,9,16.15,17.87,16.95,-102.291,21.8818
Aguascalientes,2017,10,16.28,17.96,17.15,-102.291,21.8818
Aguascalientes,2017,11,16.36,18.06,17.27,-102.291,21.8818
Aguascalientes,2017,12,16.48,18.17,17.4,-102.291,21.8818
Aguascalientes,2018,1,17.16,18.84,18.05,-102.291,21.8818
Aguascalientes,2018,2,18,19.54,18.89,-102.291,21.8818
Aguascalientes,2018,3,18.26,19.73,19.19,-102.291,21.8818
Aguascalientes,2018,4,18.34,19.8,19.27,-102.291,21.8818
Aguascalientes,2018,5,18.46,19.89,19.38,-102.291,21.8818
Aguascalientes,2018,6,18.65,20.06,19.58,-102.291,21.8818
Aguascalientes,2018,7,19.02,20.43,19.93,-102.291,21.8818
Aguascalientes,2018,8,19.55,21.01,20.46,-102.291,21.8818
Aguascalientes,2018,9,19.8,21.25,20.73,-102.291,21.8818
Aguascalientes,2018,10,20,21.48,21.02,-102.291,21.8818
Aguascalientes,2018,11,20,21.49,21.2,-102.291,21.8818
Aguascalientes,2018,12,19.81,21.29,21.12,-102.291,21.8818
Aguascalientes,2019,1,19.64,21.01,21.16,-102.291,21.8818
Aguascalientes,2019,2,20.07,21.12,21.93,-102.291,21.8818
Aguascalientes,2019,3,20.33,21.34,22.01,-102.291,21.8818
Aguascalientes,2019,4,19.85,21.05,21.68,-102.291,21.8818
Aguascalientes,2019,5,19.74,20.99,21.59,-102.291,21.8818
Aguascalientes,2019,6,19.65,21,21.44,-102.291,21.8818
Aguascalientes,2019,7,19.71,21.07,21.47,-102.291,21.8818
Aguascalientes,2019,8,19.67,21.09,21.45,-102.291,21.8818
Aguascalientes,2019,9,19.74,21.13,21.49,-102.291,21.8818
Aguascalientes,2019,10,19.78,21.19,21.47,-102.291,21.8818
Aguascalientes,2019,11,19.84,21.19,21.47,-102.291,21.8818
Aguascalientes,2019,12,19.91,21.25,21.6,-102.291,21.8818
Aguascalientes,2020,1,19.97,21.27,21.65,-102.291,21.8818
Aguascalientes,2020,2,19.95,21.14,21.52,-102.291,21.8818
Aguascalientes,2020,3,18.52,19.76,20.77,-102.291,21.8818
Aguascalientes,2020,4,15.35,16.73,19.39,-102.291,21.8818
Aguascalientes,2020,5,16.56,17.45,19.13,-102.291,21.8818
Aguascalientes,2020,6,18,18.54,19.5,-102.291,21.8818
Aguascalientes,2020,7,19.19,19.66,19.94,-102.291,21.8818
Aguascalientes,2020,8,19.29,19.82,19.97,-102.291,21.8818
Baja California,2017,1,16.08,17.86,17.2,-115.283,30.8406
Baja California,2017,2,16.04,17.81,17.2,-115.283,30.8406
Baja California,2017,3,15.85,17.61,17.1,-115.283,30.8406
Baja California,2017,4,15.87,17.6,17.04,-115.283,30.8406
Baja California,2017,5,15.83,17.57,16.96,-115.283,30.8406
Baja California,2017,6,15.81,17.53,16.88,-115.283,30.8406
Baja California,2017,7,15.7,17.41,16.76,-115.283,30.8406
Baja California,2017,8,15.8,17.51,16.78,-115.283,30.8406
Baja California,2017,9,15.98,17.7,16.97,-115.283,30.8406
Baja California,2017,10,16.12,17.82,17.14,-115.283,30.8406
Baja California,2017,11,16.27,17.96,17.28,-115.283,30.8406
Baja California,2017,12,16.38,18.09,17.45,-115.283,30.8406
Baja California,2018,1,16.8,18.45,17.9,-115.283,30.8406
Baja California,2018,2,17.31,18.95,18.41,-115.283,30.8406
Baja California,2018,3,17.53,19.16,18.6,-115.283,30.8406
Baja California,2018,4,17.67,19.29,18.7,-115.283,30.8406
Baja California,2018,5,17.81,19.38,18.83,-115.283,30.8406
Baja California,2018,6,18.07,19.64,19.07,-115.283,30.8406
Baja California,2018,7,18.49,20.03,19.41,-115.283,30.8406
Baja California,2018,8,19.03,20.52,19.88,-115.283,30.8406
Baja California,2018,9,19.36,20.81,20.12,-115.283,30.8406
Baja California,2018,10,19.57,21.09,20.37,-115.283,30.8406
Baja California,2018,11,19.61,21.2,20.52,-115.283,30.8406
Baja California,2018,12,19.4,20.91,20.51,-115.283,30.8406
Baja California,2019,1,18.05,19.67,19.34,-115.283,30.8406
Baja California,2019,2,18.17,19.41,19.9,-115.283,30.8406
Baja California,2019,3,18.56,19.69,20.21,-115.283,30.8406
Baja California,2019,4,18.49,19.95,20.17,-115.283,30.8406
Baja California,2019,5,18.43,20.16,20.15,-115.283,30.8406
Baja California,2019,6,18.34,20.25,20.11,-115.283,30.8406
Baja California,2019,7,18.36,20.4,20.17,-115.283,30.8406
Baja California,2019,8,18.17,20.27,20.15,-115.283,30.8406
Baja California,2019,9,18.2,20.22,20.16,-115.283,30.8406
Baja California,2019,10,18.09,19.94,20.12,-115.283,30.8406
Baja California,2019,11,18,19.83,20.12,-115.283,30.8406
Baja California,2019,12,18,19.89,20.21,-115.283,30.8406
Baja California,2020,1,18.27,20.25,20.37,-115.283,30.8406
Baja California,2020,2,18.37,20.17,20.38,-115.283,30.8406
Baja California,2020,3,17.27,19.17,19.86,-115.283,30.8406
Baja California,2020,4,14.19,16.23,18.5,-115.283,30.8406
Baja California,2020,5,15.51,16.61,18.14,-115.283,30.8406
Baja California,2020,6,17.15,17.71,18.59,-115.283,30.8406
Baja California,2020,7,17.94,18.44,18.98,-115.283,30.8406
Baja California,2020,8,17.85,18.41,18.91,-115.283,30.8406
Baja California Sur,2017,1,16.11,17.85,17.2,-111.666,26.0444
Baja California Sur,2017,2,16.09,17.81,17.18,-111.666,26.0444
Baja California Sur,2017,3,16,17.73,17.05,-111.666,26.0444
Baja California Sur,2017,4,16.02,17.72,16.98,-111.666,26.0444
Baja California Sur,2017,5,15.93,17.66,16.87,-111.666,26.0444
Baja California Sur,2017,6,15.83,17.53,16.68,-111.666,26.0444
Baja California Sur,2017,7,15.75,17.43,16.55,-111.666,26.0444
Baja California Sur,2017,8,15.82,17.5,16.61,-111.666,26.0444
Baja California Sur,2017,9,16.04,17.75,16.86,-111.666,26.0444
Baja California Sur,2017,10,16.17,17.84,17.05,-111.666,26.0444
Baja California Sur,2017,11,16.33,18.01,17.21,-111.666,26.0444
Baja California Sur,2017,12,16.55,18.2,17.43,-111.666,26.0444
Baja California Sur,2018,1,16.97,18.61,17.9,-111.666,26.0444
Baja California Sur,2018,2,17.37,19.05,18.36,-111.666,26.0444
Baja California Sur,2018,3,17.58,19.22,18.57,-111.666,26.0444
Baja California Sur,2018,4,17.67,19.28,18.65,-111.666,26.0444
Baja California Sur,2018,5,17.85,19.42,18.82,-111.666,26.0444
Baja California Sur,2018,6,18.1,19.69,19.05,-111.666,26.0444
Baja California Sur,2018,7,18.47,19.98,19.37,-111.666,26.0444
Baja California Sur,2018,8,19.05,20.48,19.88,-111.666,26.0444
Baja California Sur,2018,9,19.34,20.75,20.17,-111.666,26.0444
Baja California Sur,2018,10,19.56,21,20.47,-111.666,26.0444
Baja California Sur,2018,11,19.63,21.08,20.69,-111.666,26.0444
Baja California Sur,2018,12,19.53,21.01,20.72,-111.666,26.0444
Baja California Sur,2019,1,19.28,20.71,20.68,-111.666,26.0444
Baja California Sur,2019,2,19.57,20.52,21.55,-111.666,26.0444
Baja California Sur,2019,3,20.38,21.34,21.75,-111.666,26.0444
Baja California Sur,2019,4,20.39,21.61,21.69,-111.666,26.0444
Baja California Sur,2019,5,20.4,21.7,21.74,-111.666,26.0444
Baja California Sur,2019,6,20.43,21.77,21.75,-111.666,26.0444
Baja California Sur,2019,7,20.56,21.79,21.84,-111.666,26.0444
Baja California Sur,2019,8,20.59,21.83,21.84,-111.666,26.0444
Baja California Sur,2019,9,20.64,21.87,21.89,-111.666,26.0444
Baja California Sur,2019,10,20.64,21.89,21.85,-111.666,26.0444
Baja California Sur,2019,11,20.64,21.87,21.87,-111.666,26.0444
Baja California Sur,2019,12,20.68,21.94,21.93,-111.666,26.0444
Baja California Sur,2020,1,20.76,21.95,22.02,-111.666,26.0444
Baja California Sur,2020,2,20.7,21.8,21.82,-111.666,26.0444
Baja California Sur,2020,3,19.03,20.24,20.93,-111.666,26.0444
Baja California Sur,2020,4,15.92,16.99,19.68,-111.666,26.0444
Baja California Sur,2020,5,17.29,17.69,19.29,-111.666,26.0444
Baja California Sur,2020,6,18.94,19.06,20.13,-111.666,26.0444
Baja California Sur,2020,7,19.67,19.8,20.78,-111.666,26.0444
Baja California Sur,2020,8,19.51,19.66,20.76,-111.666,26.0444
Campeche,2017,1,15.66,17.42,16.73,-90.5349,19.8301
Campeche,2017,2,15.65,17.42,16.72,-90.5349,19.8301
Campeche,2017,3,15.56,17.33,16.6,-90.5349,19.8301
Campeche,2017,4,15.59,17.32,16.54,-90.5349,19.8301
Campeche,2017,5,15.49,17.25,16.42,-90.5349,19.8301
Campeche,2017,6,15.39,17.11,16.24,-90.5349,19.8301
Campeche,2017,7,15.32,17.02,16.11,-90.5349,19.8301
Campeche,2017,8,15.38,17.09,16.17,-90.5349,19.8301
Campeche,2017,9,15.6,17.34,16.43,-90.5349,19.8301
Campeche,2017,10,15.72,17.43,16.62,-90.5349,19.8301
Campeche,2017,11,15.81,17.53,16.73,-90.5349,19.8301
Campeche,2017,12,15.99,17.67,16.92,-90.5349,19.8301
Campeche,2018,1,16.67,18.23,17.58,-90.5349,19.8301
Campeche,2018,2,17.26,18.74,18.27,-90.5349,19.8301
Campeche,2018,3,17.43,18.87,18.46,-90.5349,19.8301
Campeche,2018,4,17.53,18.91,18.54,-90.5349,19.8301
Campeche,2018,5,17.7,19.04,18.7,-90.5349,19.8301
Campeche,2018,6,17.98,19.29,18.98,-90.5349,19.8301
Campeche,2018,7,18.39,19.73,19.36,-90.5349,19.8301
Campeche,2018,8,19,20.36,19.9,-90.5349,19.8301
Campeche,2018,9,19.24,20.6,20.2,-90.5349,19.8301
Campeche,2018,10,19.44,20.83,20.5,-90.5349,19.8301
Campeche,2018,11,19.46,20.85,20.67,-90.5349,19.8301
Campeche,2018,12,19.39,20.78,20.63,-90.5349,19.8301
Campeche,2019,1,19.18,20.58,20.62,-90.5349,19.8301
Campeche,2019,2,19.43,20.34,21.41,-90.5349,19.8301
Campeche,2019,3,19.91,20.9,21.5,-90.5349,19.8301
Campeche,2019,4,19.75,21.03,21.37,-90.5349,19.8301
Campeche,2019,5,19.69,20.98,21.37,-90.5349,19.8301
Campeche,2019,6,19.66,21,21.34,-90.5349,19.8301
Campeche,2019,7,19.62,20.99,21.3,-90.5349,19.8301
Campeche,2019,8,19.62,21,21.3,-90.5349,19.8301
Campeche,2019,9,19.69,21.05,21.4,-90.5349,19.8301
Campeche,2019,10,19.54,20.94,21.26,-90.5349,19.8301
Campeche,2019,11,19.48,20.83,21.23,-90.5349,19.8301
Campeche,2019,12,19.61,20.83,21.35,-90.5349,19.8301
Campeche,2020,1,19.73,20.89,21.48,-90.5349,19.8301
Campeche,2020,2,19.59,20.6,21.15,-90.5349,19.8301
Campeche,2020,3,18.66,19.69,20.64,-90.5349,19.8301
Campeche,2020,4,16.02,17.25,19.61,-90.5349,19.8301
Campeche,2020,5,16.7,17.53,19.5,-90.5349,19.8301
Campeche,2020,6,18.24,18.58,20.13,-90.5349,19.8301
Campeche,2020,7,19.35,19.56,20.67,-90.5349,19.8301
Campeche,2020,8,19.43,19.65,20.66,-90.5349,19.8301
Chiapas,2017,1,15.86,17.63,16.93,-93.1292,16.7569
Chiapas,2017,2,15.87,17.63,16.93,-93.1292,16.7569
Chiapas,2017,3,15.76,17.52,16.8,-93.1292,16.7569
Chiapas,2017,4,15.78,17.5,16.73,-93.1292,16.7569
Chiapas,2017,5,15.69,17.43,16.61,-93.1292,16.7569
Chiapas,2017,6,15.59,17.29,16.43,-93.1292,16.7569
Chiapas,2017,7,15.51,17.2,16.31,-93.1292,16.7569
Chiapas,2017,8,15.58,17.28,16.36,-93.1292,16.7569
Chiapas,2017,9,15.81,17.53,16.62,-93.1292,16.7569
Chiapas,2017,10,15.93,17.62,16.81,-93.1292,16.7569
Chiapas,2017,11,16.01,17.72,16.92,-93.1292,16.7569
Chiapas,2017,12,16.16,17.8,17.04,-93.1292,16.7569
Chiapas,2018,1,16.68,18.23,17.56,-93.1292,16.7569
Chiapas,2018,2,17.17,18.7,18.16,-93.1292,16.7569
Chiapas,2018,3,17.36,18.84,18.38,-93.1292,16.7569
Chiapas,2018,4,17.48,18.93,18.49,-93.1292,16.7569
Chiapas,2018,5,17.65,19.08,18.65,-93.1292,16.7569
Chiapas,2018,6,17.88,19.31,18.88,-93.1292,16.7569
Chiapas,2018,7,18.3,19.7,19.25,-93.1292,16.7569
Chiapas,2018,8,18.87,20.28,19.79,-93.1292,16.7569
Chiapas,2018,9,19.09,20.48,20.06,-93.1292,16.7569
Chiapas,2018,10,19.22,20.63,20.28,-93.1292,16.7569
Chiapas,2018,11,19.2,20.61,20.43,-93.1292,16.7569
Chiapas,2018,12,18.93,20.34,20.34,-93.1292,16.7569
Chiapas,2019,1,18.52,19.8,20.28,-93.1292,16.7569
Chiapas,2019,2,18.91,19.67,21.14,-93.1292,16.7569
Chiapas,2019,3,19.62,20.55,21.45,-93.1292,16.7569
Chiapas,2019,4,19.46,20.69,21.28,-93.1292,16.7569
Chiapas,2019,5,19.27,20.61,21.11,-93.1292,16.7569
Chiapas,2019,6,19.1,20.58,20.84,-93.1292,16.7569
Chiapas,2019,7,19.19,20.57,20.91,-93.1292,16.7569
Chiapas,2019,8,19.21,20.59,20.97,-93.1292,16.7569
Chiapas,2019,9,19.27,20.62,21.01,-93.1292,16.7569
Chiapas,2019,10,19.19,20.54,20.95,-93.1292,16.7569
Chiapas,2019,11,19.18,20.33,20.9,-93.1292,16.7569
Chiapas,2019,12,19.27,20.32,21.06,-93.1292,16.7569
Chiapas,2020,1,19.31,20.29,21.13,-93.1292,16.7569
Chiapas,2020,2,19.15,19.95,20.88,-93.1292,16.7569
Chiapas,2020,3,17.86,18.57,20.16,-93.1292,16.7569
Chiapas,2020,4,15.28,16.2,19.2,-93.1292,16.7569
Chiapas,2020,5,16.17,16.6,18.94,-93.1292,16.7569
Chiapas,2020,6,17.57,17.67,19.38,-93.1292,16.7569
Chiapas,2020,7,18.64,18.73,19.93,-93.1292,16.7569
Chiapas,2020,8,18.61,18.74,20.02,-93.1292,16.7569
Chihuahua,2017,1,16.05,18,17.44,-106.0691,28.633
Chihuahua,2017,2,14.02,16.45,17.36,-106.0691,28.633
Chihuahua,2017,3,14.76,17.01,17.29,-106.0691,28.633
Chihuahua,2017,4,14.74,16.91,17.22,-106.0691,28.633
Chihuahua,2017,5,14.66,16.85,17.1,-106.0691,28.633
Chihuahua,2017,6,14.62,16.76,16.94,-106.0691,28.633
Chihuahua,2017,7,14.48,16.66,16.83,-106.0691,28.633
Chihuahua,2017,8,14.49,16.72,16.88,-106.0691,28.633
Chihuahua,2017,9,14.83,17.02,17.13,-106.0691,28.633
Chihuahua,2017,10,14.98,17.15,17.33,-106.0691,28.633
Chihuahua,2017,11,15.11,17.28,17.48,-106.0691,28.633
Chihuahua,2017,12,15.29,17.44,17.69,-106.0691,28.633
Chihuahua,2018,1,15.8,17.88,18.05,-106.0691,28.633
Chihuahua,2018,2,16.39,18.35,18.43,-106.0691,28.633
Chihuahua,2018,3,16.52,18.42,18.57,-106.0691,28.633
Chihuahua,2018,4,16.48,18.37,18.61,-106.0691,28.633
Chihuahua,2018,5,16.88,18.63,18.71,-106.0691,28.633
Chihuahua,2018,6,16.75,18.63,18.9,-106.0691,28.633
Chihuahua,2018,7,17.14,19,19.27,-106.0691,28.633
Chihuahua,2018,8,17.68,19.4,19.87,-106.0691,28.633
Chihuahua,2018,9,17.96,19.53,20.15,-106.0691,28.633
Chihuahua,2018,10,18.15,19.73,20.38,-106.0691,28.633
Chihuahua,2018,11,17.95,19.7,20.5,-106.0691,28.633
Chihuahua,2018,12,17.54,19.29,20.27,-106.0691,28.633
Chihuahua,2019,1,16.83,18.26,19.98,-106.0691,28.633
Chihuahua,2019,2,17.3,18.13,20.91,-106.0691,28.633
Chihuahua,2019,3,17.84,19.06,20.83,-106.0691,28.633
Chihuahua,2019,4,17.48,19.24,20.51,-106.0691,28.633
Chihuahua,2019,5,17.2,19.08,20.34,-106.0691,28.633
Chihuahua,2019,6,17.23,19.18,20.15,-106.0691,28.633
Chihuahua,2019,7,17.21,19.2,20.24,-106.0691,28.633
Chihuahua,2019,8,17.02,18.91,20.21,-106.0691,28.633
Chihuahua,2019,9,17.26,18.85,20.37,-106.0691,28.633
Chihuahua,2019,10,17.06,18.68,20.23,-106.0691,28.633
Chihuahua,2019,11,16.98,18.4,20.26,-106.0691,28.633
Chihuahua,2019,12,17.28,18.52,20.54,-106.0691,28.633
Chihuahua,2020,1,17.38,18.91,20.61,-106.0691,28.633
Chihuahua,2020,2,17.16,18.31,20.14,-106.0691,28.633
Chihuahua,2020,3,15.31,16.79,19.21,-106.0691,28.633
Chihuahua,2020,4,12.91,14.72,18.15,-106.0691,28.633
Chihuahua,2020,5,14.24,15.6,17.61,-106.0691,28.633
Chihuahua,2020,6,15.77,16.66,18.4,-106.0691,28.633
Chihuahua,2020,7,16.56,17.32,19.12,-106.0691,28.633
Chihuahua,2020,8,16.35,17.15,19.1,-106.0691,28.633
Ciudad de Mexico,2017,1,16.32,18.19,17.06,-99.1332,19.4326
Ciudad de Mexico,2017,2,16.3,18.17,17.05,-99.1332,19.4326
Ciudad de Mexico,2017,3,16.21,18.08,16.93,-99.1332,19.4326
Ciudad de Mexico,2017,4,16.2,18.05,16.86,-99.1332,19.4326
Ciudad de Mexico,2017,5,16.08,17.98,16.74,-99.1332,19.4326
Ciudad de Mexico,2017,6,15.95,17.83,16.56,-99.1332,19.4326
Ciudad de Mexico,2017,7,15.86,17.73,16.44,-99.1332,19.4326
Ciudad de Mexico,2017,8,15.92,17.81,16.49,-99.1332,19.4326
Ciudad de Mexico,2017,9,16.14,18.06,16.75,-99.1332,19.4326
Ciudad de Mexico,2017,10,16.26,18.15,16.94,-99.1332,19.4326
Ciudad de Mexico,2017,11,16.35,18.25,17.06,-99.1332,19.4326
Ciudad de Mexico,2017,12,16.45,18.34,17.18,-99.1332,19.4326
Ciudad de Mexico,2018,1,17.07,18.86,17.75,-99.1332,19.4326
Ciudad de Mexico,2018,2,17.85,19.47,18.42,-99.1332,19.4326
Ciudad de Mexico,2018,3,18.11,19.62,18.65,-99.1332,19.4326
Ciudad de Mexico,2018,4,18.21,19.7,18.74,-99.1332,19.4326
Ciudad de Mexico,2018,5,18.49,19.94,19,-99.1332,19.4326
Ciudad de Mexico,2018,6,18.79,20.24,19.29,-99.1332,19.4326
Ciudad de Mexico,2018,7,19.01,20.49,19.58,-99.1332,19.4326
Ciudad de Mexico,2018,8,19.34,20.77,20.01,-99.1332,19.4326
Ciudad de Mexico,2018,9,19.6,21.01,20.29,-99.1332,19.4326
Ciudad de Mexico,2018,10,19.86,21.33,20.62,-99.1332,19.4326
Ciudad de Mexico,2018,11,19.9,21.41,20.84,-99.1332,19.4326
Ciudad de Mexico,2018,12,19.76,21.26,20.75,-99.1332,19.4326
Ciudad de Mexico,2019,1,19.64,20.97,20.76,-99.1332,19.4326
Ciudad de Mexico,2019,2,19.96,20.86,21.52,-99.1332,19.4326
Ciudad de Mexico,2019,3,20.52,21.45,21.72,-99.1332,19.4326
Ciudad de Mexico,2019,4,20.49,21.56,21.59,-99.1332,19.4326
Ciudad de Mexico,2019,5,20.52,21.62,21.5,-99.1332,19.4326
Ciudad de Mexico,2019,6,20.4,21.61,21.34,-99.1332,19.4326
Ciudad de Mexico,2019,7,20.47,21.63,21.4,-99.1332,19.4326
Ciudad de Mexico,2019,8,20.31,21.64,21.31,-99.1332,19.4326
Ciudad de Mexico,2019,9,20.32,21.64,21.26,-99.1332,19.4326
Ciudad de Mexico,2019,10,20.27,21.46,21.16,-99.1332,19.4326
Ciudad de Mexico,2019,11,20.29,21.45,21.14,-99.1332,19.4326
Ciudad de Mexico,2019,12,20.45,21.6,21.29,-99.1332,19.4326
Ciudad de Mexico,2020,1,20.61,21.68,21.41,-99.1332,19.4326
Ciudad de Mexico,2020,2,20.46,21.37,21.19,-99.1332,19.4326
Ciudad de Mexico,2020,3,18.9,19.93,20.3,-99.1332,19.4326
Ciudad de Mexico,2020,4,15.57,16.61,18.81,-99.1332,19.4326
Ciudad de Mexico,2020,5,16.85,17.51,18.21,-99.1332,19.4326
Ciudad de Mexico,2020,6,18.25,18.72,18.68,-99.1332,19.4326
Ciudad de Mexico,2020,7,19.26,19.63,19.33,-99.1332,19.4326
Ciudad de Mexico,2020,8,19.25,19.6,19.43,-99.1332,19.4326
Coahuila,2017,1,15.77,17.65,17.19,-101.7068,27.0587
Coahuila,2017,2,15.83,17.67,17.18,-101.7068,27.0587
Coahuila,2017,3,15.71,17.56,17.07,-101.7068,27.0587
Coahuila,2017,4,15.62,17.46,17,-101.7068,27.0587
Coahuila,2017,5,15.47,17.35,16.88,-101.7068,27.0587
Coahuila,2017,6,15.41,17.25,16.7,-101.7068,27.0587
Coahuila,2017,7,15.36,17.18,16.58,-101.7068,27.0587
Coahuila,2017,8,15.45,17.28,16.64,-101.7068,27.0587
Coahuila,2017,9,15.67,17.55,16.88,-101.7068,27.0587
Coahuila,2017,10,15.84,17.68,17.08,-101.7068,27.0587
Coahuila,2017,11,15.97,17.82,17.22,-101.7068,27.0587
Coahuila,2017,12,16.16,17.99,17.39,-101.7068,27.0587
Coahuila,2018,1,16.68,18.43,17.94,-101.7068,27.0587
Coahuila,2018,2,17.38,18.99,18.63,-101.7068,27.0587
Coahuila,2018,3,17.6,19.12,18.87,-101.7068,27.0587
Coahuila,2018,4,17.68,19.18,18.96,-101.7068,27.0587
Coahuila,2018,5,17.74,19.22,19.09,-101.7068,27.0587
Coahuila,2018,6,18.07,19.52,19.33,-101.7068,27.0587
Coahuila,2018,7,18.43,19.9,19.75,-101.7068,27.0587
Coahuila,2018,8,18.96,20.45,20.32,-101.7068,27.0587
Coahuila,2018,9,19.26,20.76,20.63,-101.7068,27.0587
Coahuila,2018,10,19.48,21.03,20.93,-101.7068,27.0587
Coahuila,2018,11,19.44,21,21.11,-101.7068,27.0587
Coahuila,2018,12,19.18,20.73,21,-101.7068,27.0587
Coahuila,2019,1,18.9,20.29,20.91,-101.7068,27.0587
Coahuila,2019,2,19.19,20.23,21.54,-101.7068,27.0587
Coahuila,2019,3,19.68,20.84,21.58,-101.7068,27.0587
Coahuila,2019,4,19.37,20.77,21.3,-101.7068,27.0587
Coahuila,2019,5,19.17,20.66,21.15,-101.7068,27.0587
Coahuila,2019,6,19.18,20.73,20.96,-101.7068,27.0587
Coahuila,2019,7,19.3,20.78,21.13,-101.7068,27.0587
Coahuila,2019,8,19.09,20.57,21.15,-101.7068,27.0587
Coahuila,2019,9,19.32,20.73,21.28,-101.7068,27.0587
Coahuila,2019,10,19.35,20.68,21.25,-101.7068,27.0587
Coahuila,2019,11,19.5,20.8,21.29,-101.7068,27.0587
Coahuila,2019,12,19.48,20.79,21.38,-101.7068,27.0587
Coahuila,2020,1,19.53,20.89,21.45,-101.7068,27.0587
Coahuila,2020,2,19.41,20.66,21.35,-101.7068,27.0587
Coahuila,2020,3,17.76,19.26,20.58,-101.7068,27.0587
Coahuila,2020,4,15.16,17.01,19.58,-101.7068,27.0587
Coahuila,2020,5,15.87,17.26,18.87,-101.7068,27.0587
Coahuila,2020,6,16.96,17.87,18.94,-101.7068,27.0587
Coahuila,2020,7,17.92,18.63,19.42,-101.7068,27.0587
Coahuila,2020,8,18.17,18.82,19.59,-101.7068,27.0587
Colima,2017,1,16.06,17.82,17.12,-103.7241,19.2452
Colima,2017,2,16.03,17.78,17.11,-103.7241,19.2452
Colima,2017,3,15.96,17.7,16.98,-103.7241,19.2452
Colima,2017,4,15.99,17.7,16.92,-103.7241,19.2452
Colima,2017,5,15.9,17.64,16.8,-103.7241,19.2452
Colima,2017,6,15.79,17.5,16.62,-103.7241,19.2452
Colima,2017,7,15.71,17.4,16.5,-103.7241,19.2452
Colima,2017,8,15.78,17.48,16.55,-103.7241,19.2452
Colima,2017,9,16.01,17.73,16.8,-103.7241,19.2452
Colima,2017,10,16.13,17.83,16.99,-103.7241,19.2452
Colima,2017,11,16.22,17.93,17.11,-103.7241,19.2452
Colima,2017,12,16.34,18.02,17.25,-103.7241,19.2452
Colima,2018,1,16.83,18.46,17.75,-103.7241,19.2452
Colima,2018,2,17.36,18.96,18.36,-103.7241,19.2452
Colima,2018,3,17.57,19.12,18.61,-103.7241,19.2452
Colima,2018,4,17.66,19.2,18.69,-103.7241,19.2452
Colima,2018,5,17.82,19.34,18.85,-103.7241,19.2452
Colima,2018,6,18.03,19.56,19.06,-103.7241,19.2452
Colima,2018,7,18.39,19.87,19.38,-103.7241,19.2452
Colima,2018,8,18.92,20.37,19.88,-103.7241,19.2452
Colima,2018,9,19.18,20.62,20.18,-103.7241,19.2452
Colima,2018,10,19.36,20.83,20.45,-103.7241,19.2452
Colima,2018,11,19.39,20.86,20.67,-103.7241,19.2452
Colima,2018,12,19.17,20.64,20.61,-103.7241,19.2452
Colima,2019,1,18.99,20.29,20.65,-103.7241,19.2452
Colima,2019,2,19.53,20.3,21.56,-103.7241,19.2452
Colima,2019,3,19.98,20.84,21.68,-103.7241,19.2452
Colima,2019,4,19.78,21.1,21.58,-103.7241,19.2452
Colima,2019,5,19.72,21.18,21.52,-103.7241,19.2452
Colima,2019,6,19.51,21.17,21.31,-103.7241,19.2452
Colima,2019,7,19.59,21.22,21.36,-103.7241,19.2452
Colima,2019,8,19.54,21.19,21.29,-103.7241,19.2452
Colima,2019,9,19.59,21.26,21.35,-103.7241,19.2452
Colima,2019,10,19.56,21.02,21.31,-103.7241,19.2452
Colima,2019,11,19.54,20.77,21.32,-103.7241,19.2452
Colima,2019,12,19.64,20.8,21.43,-103.7241,19.2452
Colima,2020,1,19.72,20.75,21.5,-103.7241,19.2452
Colima,2020,2,19.67,20.47,21.33,-103.7241,19.2452
Colima,2020,3,17.78,18.43,20.3,-103.7241,19.2452
Colima,2020,4,15,15.53,19.14,-103.7241,19.2452
Colima,2020,5,16.51,16.83,18.94,-103.7241,19.2452
Colima,2020,6,17.92,18.08,19.48,-103.7241,19.2452
Colima,2020,7,18.65,18.98,19.92,-103.7241,19.2452
Colima,2020,8,18.74,19.07,19.93,-103.7241,19.2452
Durango,2017,1,16.25,18.02,17.3,-104.6532,24.0277
Durango,2017,2,16.21,17.98,17.28,-104.6532,24.0277
Durango,2017,3,16.15,17.91,17.17,-104.6532,24.0277
Durango,2017,4,16.17,17.89,17.1,-104.6532,24.0277
Durango,2017,5,16.07,17.82,16.98,-104.6532,24.0277
Durango,2017,6,15.98,17.69,16.8,-104.6532,24.0277
Durango,2017,7,15.89,17.58,16.67,-104.6532,24.0277
Durango,2017,8,15.97,17.67,16.74,-104.6532,24.0277
Durango,2017,9,16.2,17.93,17,-104.6532,24.0277
Durango,2017,10,16.34,18.04,17.19,-104.6532,24.0277
Durango,2017,11,16.48,18.19,17.34,-104.6532,24.0277
Durango,2017,12,16.66,18.34,17.52,-104.6532,24.0277
Durango,2018,1,17.23,18.79,18.06,-104.6532,24.0277
Durango,2018,2,17.85,19.29,18.72,-104.6532,24.0277
Durango,2018,3,18.02,19.43,18.94,-104.6532,24.0277
Durango,2018,4,18.11,19.5,19.04,-104.6532,24.0277
Durango,2018,5,18.28,19.66,19.19,-104.6532,24.0277
Durango,2018,6,18.49,19.84,19.41,-104.6532,24.0277
Durango,2018,7,18.81,20.18,19.8,-104.6532,24.0277
Durango,2018,8,19.29,20.66,20.32,-104.6532,24.0277
Durango,2018,9,19.58,20.93,20.61,-104.6532,24.0277
Durango,2018,10,19.78,21.18,20.87,-104.6532,24.0277
Durango,2018,11,19.72,21.13,21.05,-104.6532,24.0277
Durango,2018,12,19.44,20.85,20.91,-104.6532,24.0277
Durango,2019,1,19.25,20.44,20.89,-104.6532,24.0277
Durango,2019,2,19.59,20.27,21.67,-104.6532,24.0277
Durango,2019,3,20.1,21.01,21.75,-104.6532,24.0277
Durango,2019,4,19.87,21.09,21.47,-104.6532,24.0277
Durango,2019,5,19.75,21.08,21.37,-104.6532,24.0277
Durango,2019,6,19.68,21.05,21.19,-104.6532,24.0277
Durango,2019,7,19.78,21.08,21.33,-104.6532,24.0277
Durango,2019,8,19.75,21.13,21.36,-104.6532,24.0277
Durango,2019,9,19.91,21.12,21.46,-104.6532,24.0277
Durango,2019,10,19.86,21.15,21.41,-104.6532,24.0277
Durango,2019,11,19.9,21.04,21.47,-104.6532,24.0277
Durango,2019,12,20.04,21.02,21.66,-104.6532,24.0277
Durango,2020,1,20.2,21.1,21.83,-104.6532,24.0277
Durango,2020,2,20.06,20.78,21.53,-104.6532,24.0277
Durango,2020,3,18.68,19.42,20.62,-104.6532,24.0277
Durango,2020,4,15.92,16.76,19.47,-104.6532,24.0277
Durango,2020,5,16.84,17.35,18.93,-104.6532,24.0277
Durango,2020,6,18.22,18.49,19.5,-104.6532,24.0277
Durango,2020,7,19.08,19.3,20.06,-104.6532,24.0277
Durango,2020,8,19.07,19.27,20.04,-104.6532,24.0277
Guanajuato,2017,1,16.1,17.87,17.17,-101.2574,21.019
Guanajuato,2017,2,16.07,17.85,17.15,-101.2574,21.019
Guanajuato,2017,3,16,17.77,17.04,-101.2574,21.019
Guanajuato,2017,4,16.03,17.75,16.97,-101.2574,21.019
Guanajuato,2017,5,15.93,17.68,16.85,-101.2574,21.019
Guanajuato,2017,6,15.84,17.55,16.67,-101.2574,21.019
Guanajuato,2017,7,15.75,17.45,16.55,-101.2574,21.019
Guanajuato,2017,8,15.82,17.53,16.6,-101.2574,21.019
Guanajuato,2017,9,16.05,17.78,16.85,-101.2574,21.019
Guanajuato,2017,10,16.17,17.87,17.04,-101.2574,21.019
Guanajuato,2017,11,16.26,17.97,17.17,-101.2574,21.019
Guanajuato,2017,12,16.39,18.09,17.33,-101.2574,21.019
Guanajuato,2018,1,17.02,18.66,17.91,-101.2574,21.019
Guanajuato,2018,2,17.73,19.24,18.65,-101.2574,21.019
Guanajuato,2018,3,17.98,19.41,18.91,-101.2574,21.019
Guanajuato,2018,4,18.07,19.49,18.99,-101.2574,21.019
Guanajuato,2018,5,18.21,19.61,19.11,-101.2574,21.019
Guanajuato,2018,6,18.42,19.81,19.32,-101.2574,21.019
Guanajuato,2018,7,18.83,20.24,19.73,-101.2574,21.019
Guanajuato,2018,8,19.43,20.86,20.29,-101.2574,21.019
Guanajuato,2018,9,19.7,21.12,20.61,-101.2574,21.019
Guanajuato,2018,10,19.93,21.41,20.94,-101.2574,21.019
Guanajuato,2018,11,19.95,21.48,21.13,-101.2574,21.019
Guanajuato,2018,12,19.68,21.21,21.03,-101.2574,21.019
Guanajuato,2019,1,19.72,21.07,21.13,-101.2574,21.019
Guanajuato,2019,2,20.18,21.2,21.89,-101.2574,21.019
Guanajuato,2019,3,20.54,21.65,21.95,-101.2574,21.019
Guanajuato,2019,4,20.26,21.62,21.71,-101.2574,21.019
Guanajuato,2019,5,20.12,21.54,21.56,-101.2574,21.019
Guanajuato,2019,6,20,21.53,21.3,-101.2574,21.019
Guanajuato,2019,7,20.11,21.63,21.36,-101.2574,21.019
Guanajuato,2019,8,20.05,21.66,21.33,-101.2574,21.019
Guanajuato,2019,9,20.13,21.69,21.43,-101.2574,21.019
Guanajuato,2019,10,20.12,21.69,21.41,-101.2574,21.019
Guanajuato,2019,11,20.16,21.54,21.41,-101.2574,21.019
Guanajuato,2019,12,20.21,21.47,21.54,-101.2574,21.019
Guanajuato,2020,1,20.28,21.53,21.59,-101.2574,21.019
Guanajuato,2020,2,20.19,21.35,21.4,-101.2574,21.019
Guanajuato,2020,3,18.48,19.74,20.52,-101.2574,21.019
Guanajuato,2020,4,15.43,16.76,19.15,-101.2574,21.019
Guanajuato,2020,5,16.48,17.42,18.72,-101.2574,21.019
Guanajuato,2020,6,17.92,18.59,19.2,-101.2574,21.019
Guanajuato,2020,7,19,19.67,19.72,-101.2574,21.019
Guanajuato,2020,8,19.03,19.74,19.72,-101.2574,21.019
Guerrero,2017,1,16.05,17.81,17.14,-99.5451,99.5451
Guerrero,2017,2,16.02,17.79,17.13,-99.5451,99.5451
Guerrero,2017,3,15.98,17.73,17.04,-99.5451,99.5451
Guerrero,2017,4,15.99,17.72,16.97,-99.5451,99.5451
Guerrero,2017,5,15.9,17.64,16.85,-99.5451,99.5451
Guerrero,2017,6,15.79,17.51,16.67,-99.5451,99.5451
Guerrero,2017,7,15.71,17.41,16.55,-99.5451,99.5451
Guerrero,2017,8,15.78,17.49,16.61,-99.5451,99.5451
Guerrero,2017,9,16.01,17.74,16.86,-99.5451,99.5451
Guerrero,2017,10,16.14,17.84,17.05,-99.5451,99.5451
Guerrero,2017,11,16.22,17.93,17.16,-99.5451,99.5451
Guerrero,2017,12,16.36,18.05,17.32,-99.5451,99.5451
Guerrero,2018,1,16.91,18.58,17.87,-99.5451,99.5451
Guerrero,2018,2,17.53,19.08,18.49,-99.5451,99.5451
Guerrero,2018,3,17.76,19.22,18.74,-99.5451,99.5451
Guerrero,2018,4,17.86,19.3,18.85,-99.5451,99.5451
Guerrero,2018,5,18.05,19.45,19.01,-99.5451,99.5451
Guerrero,2018,6,18.3,19.7,19.27,-99.5451,99.5451
Guerrero,2018,7,18.73,20.14,19.7,-99.5451,99.5451
Guerrero,2018,8,19.25,20.68,20.22,-99.5451,99.5451
Guerrero,2018,9,19.47,20.88,20.49,-99.5451,99.5451
Guerrero,2018,10,19.66,21.12,20.81,-99.5451,99.5451
Guerrero,2018,11,19.56,21.01,20.98,-99.5451,99.5451
Guerrero,2018,12,19.23,20.67,20.79,-99.5451,99.5451
Guerrero,2019,1,19.05,20.26,20.83,-99.5451,99.5451
Guerrero,2019,2,19.61,20.31,21.71,-99.5451,99.5451
Guerrero,2019,3,20.08,21.27,21.45,-99.5451,99.5451
Guerrero,2019,4,19.88,21.34,21.38,-99.5451,99.5451
Guerrero,2019,5,19.83,21.34,21.35,-99.5451,99.5451
Guerrero,2019,6,19.64,21.35,21.16,-99.5451,99.5451
Guerrero,2019,7,19.77,21.34,21.32,-99.5451,99.5451
Guerrero,2019,8,19.7,21.37,21.33,-99.5451,99.5451
Guerrero,2019,9,19.9,21.38,21.5,-99.5451,99.5451
Guerrero,2019,10,19.81,21.24,21.44,-99.5451,99.5451
Guerrero,2019,11,19.88,21.03,21.49,-99.5451,99.5451
Guerrero,2019,12,20.03,21.06,21.66,-99.5451,99.5451
Guerrero,2020,1,20.15,21.11,21.74,-99.5451,99.5451
Guerrero,2020,2,20.01,20.62,21.24,-99.5451,99.5451
Guerrero,2020,3,18.33,18.96,20.38,-99.5451,99.5451
Guerrero,2020,4,15.74,16.29,19.54,-99.5451,99.5451
Guerrero,2020,5,17.09,17.38,19.14,-99.5451,99.5451
Guerrero,2020,6,18.49,18.6,19.64,-99.5451,99.5451
Guerrero,2020,7,19.43,19.56,20.23,-99.5451,99.5451
Guerrero,2020,8,19.52,19.67,20.3,-99.5451,99.5451
Hidalgo,2017,1,15.85,17.61,16.97,-98.7624,20.0911
Hidalgo,2017,2,15.94,17.69,17.04,-98.7624,20.0911
Hidalgo,2017,3,15.78,17.53,16.86,-98.7624,20.0911
Hidalgo,2017,4,15.81,17.52,16.79,-98.7624,20.0911
Hidalgo,2017,5,15.71,17.45,16.67,-98.7624,20.0911
Hidalgo,2017,6,15.61,17.31,16.49,-98.7624,20.0911
Hidalgo,2017,7,15.52,17.21,16.36,-98.7624,20.0911
Hidalgo,2017,8,15.59,17.29,16.42,-98.7624,20.0911
Hidalgo,2017,9,15.82,17.53,16.67,-98.7624,20.0911
Hidalgo,2017,10,15.94,17.63,16.86,-98.7624,20.0911
Hidalgo,2017,11,16.03,17.74,16.97,-98.7624,20.0911
Hidalgo,2017,12,16.1,17.8,17.08,-98.7624,20.0911
Hidalgo,2018,1,16.61,18.25,17.57,-98.7624,20.0911
Hidalgo,2018,2,17.21,18.75,18.22,-98.7624,20.0911
Hidalgo,2018,3,17.44,18.86,18.45,-98.7624,20.0911
Hidalgo,2018,4,17.51,18.9,18.52,-98.7624,20.0911
Hidalgo,2018,5,17.67,19.04,18.67,-98.7624,20.0911
Hidalgo,2018,6,17.9,19.27,18.89,-98.7624,20.0911
Hidalgo,2018,7,18.3,19.68,19.26,-98.7624,20.0911
Hidalgo,2018,8,18.85,20.25,19.78,-98.7624,20.0911
Hidalgo,2018,9,19.05,20.44,20.05,-98.7624,20.0911
Hidalgo,2018,10,19.23,20.66,20.36,-98.7624,20.0911
Hidalgo,2018,11,19.16,20.6,20.53,-98.7624,20.0911
Hidalgo,2018,12,18.82,20.23,20.35,-98.7624,20.0911
Hidalgo,2019,1,18.66,19.88,20.4,-98.7624,20.0911
Hidalgo,2019,2,19.16,19.86,21.29,-98.7624,20.0911
Hidalgo,2019,3,19.53,20.47,21.23,-98.7624,20.0911
Hidalgo,2019,4,19.36,20.6,21.05,-98.7624,20.0911
Hidalgo,2019,5,19.28,20.58,20.98,-98.7624,20.0911
Hidalgo,2019,6,19.12,20.56,20.74,-98.7624,20.0911
Hidalgo,2019,7,19.25,20.62,20.83,-98.7624,20.0911
Hidalgo,2019,8,19.03,20.61,20.71,-98.7624,20.0911
Hidalgo,2019,9,19.08,20.59,20.71,-98.7624,20.0911
Hidalgo,2019,10,18.95,20.49,20.59,-98.7624,20.0911
Hidalgo,2019,11,18.96,20.23,20.62,-98.7624,20.0911
Hidalgo,2019,12,19.08,20.23,20.76,-98.7624,20.0911
Hidalgo,2020,1,19.14,20.24,20.83,-98.7624,20.0911
Hidalgo,2020,2,19,19.86,20.4,-98.7624,20.0911
Hidalgo,2020,3,17.13,18.21,19.41,-98.7624,20.0911
Hidalgo,2020,4,14.31,15.5,18.19,-98.7624,20.0911
Hidalgo,2020,5,15.74,16.41,17.66,-98.7624,20.0911
Hidalgo,2020,6,17.27,17.53,18.32,-98.7624,20.0911
Hidalgo,2020,7,18.4,18.65,19.1,-98.7624,20.0911
Hidalgo,2020,8,18.34,18.66,19.16,-98.7624,20.0911
Jalisco,2017,1,16.46,18.3,17.29,-103.3494,20.6595
Jalisco,2017,2,16.44,18.29,17.29,-103.3494,20.6595
Jalisco,2017,3,16.35,18.2,17.16,-103.3494,20.6595
Jalisco,2017,4,16.36,18.18,17.1,-103.3494,20.6595
Jalisco,2017,5,16.24,18.11,16.98,-103.3494,20.6595
Jalisco,2017,6,16.12,17.98,16.8,-103.3494,20.6595
Jalisco,2017,7,16.03,17.88,16.67,-103.3494,20.6595
Jalisco,2017,8,16.09,17.95,16.72,-103.3494,20.6595
Jalisco,2017,9,16.31,18.2,16.97,-103.3494,20.6595
Jalisco,2017,10,16.44,18.3,17.17,-103.3494,20.6595
Jalisco,2017,11,16.52,18.4,17.29,-103.3494,20.6595
Jalisco,2017,12,16.67,18.52,17.44,-103.3494,20.6595
Jalisco,2018,1,17.29,19.02,18.03,-103.3494,20.6595
Jalisco,2018,2,18.08,19.67,18.78,-103.3494,20.6595
Jalisco,2018,3,18.33,19.83,19.04,-103.3494,20.6595
Jalisco,2018,4,18.42,19.89,19.12,-103.3494,20.6595
Jalisco,2018,5,18.65,20.1,19.33,-103.3494,20.6595
Jalisco,2018,6,18.94,20.39,19.62,-103.3494,20.6595
Jalisco,2018,7,19.22,20.65,19.91,-103.3494,20.6595
Jalisco,2018,8,19.63,21,20.34,-103.3494,20.6595
Jalisco,2018,9,19.89,21.24,20.59,-103.3494,20.6595
Jalisco,2018,10,20.14,21.48,20.88,-103.3494,20.6595
Jalisco,2018,11,20.18,21.52,21.04,-103.3494,20.6595
Jalisco,2018,12,19.95,21.28,20.93,-103.3494,20.6595
Jalisco,2019,1,19.89,21.11,20.94,-103.3494,20.6595
Jalisco,2019,2,20.3,21.22,21.8,-103.3494,20.6595
Jalisco,2019,3,20.77,21.64,21.93,-103.3494,20.6595
Jalisco,2019,4,20.66,21.74,21.74,-103.3494,20.6595
Jalisco,2019,5,20.66,21.77,21.66,-103.3494,20.6595
Jalisco,2019,6,20.52,21.75,21.46,-103.3494,20.6595
Jalisco,2019,7,20.53,21.76,21.5,-103.3494,20.6595
Jalisco,2019,8,20.39,21.75,21.42,-103.3494,20.6595
Jalisco,2019,9,20.37,21.75,21.41,-103.3494,20.6595
Jalisco,2019,10,20.35,21.75,21.36,-103.3494,20.6595
Jalisco,2019,11,20.34,21.71,21.32,-103.3494,20.6595
Jalisco,2019,12,20.47,21.76,21.44,-103.3494,20.6595
Jalisco,2020,1,20.58,21.81,21.51,-103.3494,20.6595
Jalisco,2020,2,20.43,21.53,21.31,-103.3494,20.6595
Jalisco,2020,3,19.01,20.13,20.45,-103.3494,20.6595
Jalisco,2020,4,16.02,17.28,19.2,-103.3494,20.6595
Jalisco,2020,5,17.03,17.78,18.7,-103.3494,20.6595
Jalisco,2020,6,18.37,18.85,19.23,-103.3494,20.6595
Jalisco,2020,7,19.39,19.74,19.87,-103.3494,20.6595
Jalisco,2020,8,19.35,19.72,19.92,-103.3494,20.6595
Michoacan,2017,1,16.22,17.99,17.3,-101.7068,19.5665
Michoacan,2017,2,16.23,18.01,17.31,-101.7068,19.5665
Michoacan,2017,3,16.14,17.9,17.18,-101.7068,19.5665
Michoacan,2017,4,16.16,17.89,17.12,-101.7068,19.5665
Michoacan,2017,5,16.07,17.82,17,-101.7068,19.5665
Michoacan,2017,6,15.97,17.69,16.82,-101.7068,19.5665
Michoacan,2017,7,15.89,17.59,16.69,-101.7068,19.5665
Michoacan,2017,8,15.97,17.67,16.75,-101.7068,19.5665
Michoacan,2017,9,16.19,17.91,17,-101.7068,19.5665
Michoacan,2017,10,16.32,18,17.19,-101.7068,19.5665
Michoacan,2017,11,16.4,18.1,17.3,-101.7068,19.5665
Michoacan,2017,12,16.56,18.25,17.49,-101.7068,19.5665
Michoacan,2018,1,17.18,18.84,18.11,-101.7068,19.5665
Michoacan,2018,2,17.89,19.44,18.85,-101.7068,19.5665
Michoacan,2018,3,18.11,19.57,19.1,-101.7068,19.5665
Michoacan,2018,4,18.19,19.63,19.18,-101.7068,19.5665
Michoacan,2018,5,18.36,19.76,19.33,-101.7068,19.5665
Michoacan,2018,6,18.6,19.99,19.57,-101.7068,19.5665
Michoacan,2018,7,19.03,20.43,19.98,-101.7068,19.5665
Michoacan,2018,8,19.56,20.99,20.48,-101.7068,19.5665
Michoacan,2018,9,19.76,21.17,20.73,-101.7068,19.5665
Michoacan,2018,10,19.96,21.42,21.07,-101.7068,19.5665
Michoacan,2018,11,19.91,21.35,21.24,-101.7068,19.5665
Michoacan,2018,12,19.61,21.07,21.07,-101.7068,19.5665
Michoacan,2019,1,19.53,20.8,21.16,-101.7068,19.5665
Michoacan,2019,2,20.3,21.06,22.31,-101.7068,19.5665
Michoacan,2019,3,20.67,21.52,22.22,-101.7068,19.5665
Michoacan,2019,4,20.29,21.55,21.88,-101.7068,19.5665
Michoacan,2019,5,20.06,21.48,21.64,-101.7068,19.5665
Michoacan,2019,6,19.86,21.44,21.36,-101.7068,19.5665
Michoacan,2019,7,19.92,21.49,21.46,-101.7068,19.5665
Michoacan,2019,8,19.89,21.55,21.49,-101.7068,19.5665
Michoacan,2019,9,19.95,21.53,21.56,-101.7068,19.5665
Michoacan,2019,10,19.87,21.33,21.44,-101.7068,19.5665
Michoacan,2019,11,19.95,21.12,21.52,-101.7068,19.5665
Michoacan,2019,12,20.06,21.15,21.68,-101.7068,19.5665
Michoacan,2020,1,20.14,21.19,21.77,-101.7068,19.5665
Michoacan,2020,2,20.01,20.7,21.33,-101.7068,19.5665
Michoacan,2020,3,18.02,18.88,20.19,-101.7068,19.5665
Michoacan,2020,4,15.38,16.37,19.23,-101.7068,19.5665
Michoacan,2020,5,16.94,17.29,18.76,-101.7068,19.5665
Michoacan,2020,6,18.4,18.51,19.5,-101.7068,19.5665
Michoacan,2020,7,19.21,19.39,20.13,-101.7068,19.5665
Michoacan,2020,8,19.12,19.31,20.12,-101.7068,19.5665
Morelos,2017,1,15.91,17.65,16.97,-99.1013,18.6813
Morelos,2017,2,15.89,17.63,16.96,-99.1013,18.6813
Morelos,2017,3,15.81,17.58,16.85,-99.1013,18.6813
Morelos,2017,4,15.84,17.57,16.78,-99.1013,18.6813
Morelos,2017,5,15.75,17.5,16.66,-99.1013,18.6813
Morelos,2017,6,15.65,17.37,16.49,-99.1013,18.6813
Morelos,2017,7,15.56,17.26,16.37,-99.1013,18.6813
Morelos,2017,8,15.63,17.34,16.43,-99.1013,18.6813
Morelos,2017,9,15.85,17.59,16.68,-99.1013,18.6813
Morelos,2017,10,15.98,17.7,16.86,-99.1013,18.6813
Morelos,2017,11,16.07,17.8,16.98,-99.1013,18.6813
Morelos,2017,12,16.18,17.89,17.1,-99.1013,18.6813
Morelos,2018,1,16.77,18.42,17.69,-99.1013,18.6813
Morelos,2018,2,17.43,18.94,18.41,-99.1013,18.6813
Morelos,2018,3,17.66,19.07,18.65,-99.1013,18.6813
Morelos,2018,4,17.76,19.13,18.74,-99.1013,18.6813
Morelos,2018,5,17.92,19.28,18.89,-99.1013,18.6813
Morelos,2018,6,18.16,19.51,19.12,-99.1013,18.6813
Morelos,2018,7,18.56,19.93,19.5,-99.1013,18.6813
Morelos,2018,8,19.12,20.51,20.02,-99.1013,18.6813
Morelos,2018,9,19.34,20.73,20.29,-99.1013,18.6813
Morelos,2018,10,19.53,20.96,20.61,-99.1013,18.6813
Morelos,2018,11,19.51,20.94,20.79,-99.1013,18.6813
Morelos,2018,12,19.29,20.72,20.68,-99.1013,18.6813
Morelos,2019,1,19.08,20.38,20.67,-99.1013,18.6813
Morelos,2019,2,19.43,20.37,21.39,-99.1013,18.6813
Morelos,2019,3,19.81,20.78,21.63,-99.1013,18.6813
Morelos,2019,4,19.71,20.9,21.49,-99.1013,18.6813
Morelos,2019,5,19.65,20.9,21.41,-99.1013,18.6813
Morelos,2019,6,19.51,20.87,21.27,-99.1013,18.6813
Morelos,2019,7,19.54,20.88,21.29,-99.1013,18.6813
Morelos,2019,8,19.44,20.91,21.23,-99.1013,18.6813
Morelos,2019,9,19.43,20.93,21.16,-99.1013,18.6813
Morelos,2019,10,19.34,20.7,21.11,-99.1013,18.6813
Morelos,2019,11,19.32,20.59,21.02,-99.1013,18.6813
Morelos,2019,12,19.47,20.63,21.16,-99.1013,18.6813
Morelos,2020,1,19.59,20.66,21.32,-99.1013,18.6813
Morelos,2020,2,19.54,20.41,21.16,-99.1013,18.6813
Morelos,2020,3,18.1,19.08,20.42,-99.1013,18.6813
Morelos,2020,4,14.86,15.95,19.18,-99.1013,18.6813
Morelos,2020,5,16.16,16.65,18.61,-99.1013,18.6813
Morelos,2020,6,17.65,17.83,18.95,-99.1013,18.6813
Morelos,2020,7,18.61,18.82,19.45,-99.1013,18.6813
Morelos,2020,8,18.58,18.82,19.45,-99.1013,18.6813
Estado de Mexico,2017,1,16.16,17.99,17.04,-99.7233,19.4969
Estado de Mexico,2017,2,16.13,17.96,17.03,-99.7233,19.4969
Estado de Mexico,2017,3,16.05,17.88,16.91,-99.7233,19.4969
Estado de Mexico,2017,4,16.06,17.86,16.85,-99.7233,19.4969
Estado de Mexico,2017,5,15.94,17.79,16.73,-99.7233,19.4969
Estado de Mexico,2017,6,15.83,17.65,16.54,-99.7233,19.4969
Estado de Mexico,2017,7,15.74,17.55,16.42,-99.7233,19.4969
Estado de Mexico,2017,8,15.8,17.62,16.48,-99.7233,19.4969
Estado de Mexico,2017,9,16.02,17.88,16.73,-99.7233,19.4969
Estado de Mexico,2017,10,16.15,17.97,16.92,-99.7233,19.4969
Estado de Mexico,2017,11,16.23,18.07,17.04,-99.7233,19.4969
Estado de Mexico,2017,12,16.35,18.17,17.16,-99.7233,19.4969
Estado de Mexico,2018,1,16.91,18.66,17.69,-99.7233,19.4969
Estado de Mexico,2018,2,17.62,19.21,18.36,-99.7233,19.4969
Estado de Mexico,2018,3,17.86,19.36,18.6,-99.7233,19.4969
Estado de Mexico,2018,4,17.96,19.43,18.69,-99.7233,19.4969
Estado de Mexico,2018,5,18.18,19.62,18.88,-99.7233,19.4969
Estado de Mexico,2018,6,18.45,19.89,19.14,-99.7233,19.4969
Estado de Mexico,2018,7,18.75,20.2,19.45,-99.7233,19.4969
Estado de Mexico,2018,8,19.15,20.59,19.91,-99.7233,19.4969
Estado de Mexico,2018,9,19.38,20.8,20.19,-99.7233,19.4969
Estado de Mexico,2018,10,19.6,21.06,20.51,-99.7233,19.4969
Estado de Mexico,2018,11,19.59,21.09,20.71,-99.7233,19.4969
Estado de Mexico,2018,12,19.4,20.86,20.6,-99.7233,19.4969
Estado de Mexico,2019,1,19.39,20.69,20.68,-99.7233,19.4969
Estado de Mexico,2019,2,19.76,20.67,21.51,-99.7233,19.4969
Estado de Mexico,2019,3,20.3,21.21,21.7,-99.7233,19.4969
Estado de Mexico,2019,4,20.21,21.32,21.54,-99.7233,19.4969
Estado de Mexico,2019,5,20.16,21.32,21.45,-99.7233,19.4969
Estado de Mexico,2019,6,19.99,21.27,21.19,-99.7233,19.4969
Estado de Mexico,2019,7,19.99,21.28,21.22,-99.7233,19.4969
Estado de Mexico,2019,8,19.84,21.28,21.12,-99.7233,19.4969
Estado de Mexico,2019,9,19.83,21.25,21.09,-99.7233,19.4969
Estado de Mexico,2019,10,19.75,21.15,20.97,-99.7233,19.4969
Estado de Mexico,2019,11,19.76,21.06,20.94,-99.7233,19.4969
Estado de Mexico,2019,12,19.92,21.16,21.08,-99.7233,19.4969
Estado de Mexico,2020,1,20.03,21.19,21.16,-99.7233,19.4969
Estado de Mexico,2020,2,19.89,20.87,20.9,-99.7233,19.4969
Estado de Mexico,2020,3,18.22,19.35,19.94,-99.7233,19.4969
Estado de Mexico,2020,4,14.95,16.29,18.59,-99.7233,19.4969
Estado de Mexico,2020,5,16.34,16.94,18.02,-99.7233,19.4969
Estado de Mexico,2020,6,17.76,18.04,18.46,-99.7233,19.4969
Estado de Mexico,2020,7,18.78,19,19.15,-99.7233,19.4969
Estado de Mexico,2020,8,18.74,18.98,19.23,-99.7233,19.4969
Nayarit,2017,1,16.31,18.07,17.39,-104.8455,21.7514
Nayarit,2017,2,16.3,18.06,17.4,-104.8455,21.7514
Nayarit,2017,3,16.23,17.99,17.3,-104.8455,21.7514
Nayarit,2017,4,16.25,17.98,17.23,-104.8455,21.7514
Nayarit,2017,5,16.16,17.92,17.12,-104.8455,21.7514
Nayarit,2017,6,16.07,17.79,16.94,-104.8455,21.7514
Nayarit,2017,7,15.99,17.69,16.82,-104.8455,21.7514
Nayarit,2017,8,16.06,17.76,16.87,-104.8455,21.7514
Nayarit,2017,9,16.28,18.01,17.12,-104.8455,21.7514
Nayarit,2017,10,16.4,18.1,17.31,-104.8455,21.7514
Nayarit,2017,11,16.49,18.19,17.42,-104.8455,21.7514
Nayarit,2017,12,16.71,18.41,17.6,-104.8455,21.7514
Nayarit,2018,1,17.3,18.93,18.15,-104.8455,21.7514
Nayarit,2018,2,17.95,19.51,18.81,-104.8455,21.7514
Nayarit,2018,3,18.19,19.71,19.09,-104.8455,21.7514
Nayarit,2018,4,18.3,19.81,19.2,-104.8455,21.7514
Nayarit,2018,5,18.47,19.96,19.35,-104.8455,21.7514
Nayarit,2018,6,18.69,20.17,19.57,-104.8455,21.7514
Nayarit,2018,7,19.11,20.58,19.94,-104.8455,21.7514
Nayarit,2018,8,19.65,21.11,20.44,-104.8455,21.7514
Nayarit,2018,9,19.89,21.34,20.71,-104.8455,21.7514
Nayarit,2018,10,20.09,21.57,20.98,-104.8455,21.7514
Nayarit,2018,11,20.13,21.62,21.16,-104.8455,21.7514
Nayarit,2018,12,19.97,21.38,21.05,-104.8455,21.7514
Nayarit,2019,1,19.92,21.37,21.08,-104.8455,21.7514
Nayarit,2019,2,20.31,21.59,21.7,-104.8455,21.7514
Nayarit,2019,3,20.79,22.04,21.87,-104.8455,21.7514
Nayarit,2019,4,20.68,22.2,21.8,-104.8455,21.7514
Nayarit,2019,5,20.58,22.15,21.74,-104.8455,21.7514
Nayarit,2019,6,20.37,22.16,21.55,-104.8455,21.7514
Nayarit,2019,7,20.26,22.07,21.58,-104.8455,21.7514
Nayarit,2019,8,20.15,22.02,21.52,-104.8455,21.7514
Nayarit,2019,9,20.25,21.99,21.59,-104.8455,21.7514
Nayarit,2019,10,20.14,21.65,21.49,-104.8455,21.7514
Nayarit,2019,11,20.17,21.48,21.47,-104.8455,21.7514
Nayarit,2019,12,20.29,21.45,21.67,-104.8455,21.7514
Nayarit,2020,1,20.25,21.44,21.7,-104.8455,21.7514
Nayarit,2020,2,20.25,21.14,21.48,-104.8455,21.7514
Nayarit,2020,3,19.33,20.26,20.9,-104.8455,21.7514
Nayarit,2020,4,16.48,17.89,19.97,-104.8455,21.7514
Nayarit,2020,5,17.32,18.1,19.47,-104.8455,21.7514
Nayarit,2020,6,18.63,18.99,19.93,-104.8455,21.7514
Nayarit,2020,7,19.38,19.72,20.38,-104.8455,21.7514
Nayarit,2020,8,19.3,19.59,20.36,-104.8455,21.7514
Nuevo Leon,2017,1,16.28,18.16,17.06,-99.9962,25.5922
Nuevo Leon,2017,2,16.27,18.14,17.1,-99.9962,25.5922
Nuevo Leon,2017,3,16.19,18.06,16.96,-99.9962,25.5922
Nuevo Leon,2017,4,16.18,18.05,16.89,-99.9962,25.5922
Nuevo Leon,2017,5,16.06,17.98,16.78,-99.9962,25.5922
Nuevo Leon,2017,6,15.94,17.86,16.6,-99.9962,25.5922
Nuevo Leon,2017,7,15.89,17.82,16.48,-99.9962,25.5922
Nuevo Leon,2017,8,16,17.97,16.57,-99.9962,25.5922
Nuevo Leon,2017,9,16.25,18.25,16.8,-99.9962,25.5922
Nuevo Leon,2017,10,16.42,18.4,17,-99.9962,25.5922
Nuevo Leon,2017,11,16.56,18.56,17.15,-99.9962,25.5922
Nuevo Leon,2017,12,16.72,18.71,17.32,-99.9962,25.5922
Nuevo Leon,2018,1,17.16,19.05,17.8,-99.9962,25.5922
Nuevo Leon,2018,2,17.72,19.54,18.49,-99.9962,25.5922
Nuevo Leon,2018,3,17.93,19.71,18.8,-99.9962,25.5922
Nuevo Leon,2018,4,18.01,19.79,18.91,-99.9962,25.5922
Nuevo Leon,2018,5,18.23,19.92,19.11,-99.9962,25.5922
Nuevo Leon,2018,6,18.55,20.14,19.41,-99.9962,25.5922
Nuevo Leon,2018,7,18.87,20.44,19.72,-99.9962,25.5922
Nuevo Leon,2018,8,19.39,20.85,20.19,-99.9962,25.5922
Nuevo Leon,2018,9,19.66,21.07,20.49,-99.9962,25.5922
Nuevo Leon,2018,10,19.86,21.35,20.8,-99.9962,25.5922
Nuevo Leon,2018,11,19.78,21.31,20.96,-99.9962,25.5922
Nuevo Leon,2018,12,19.34,20.83,20.8,-99.9962,25.5922
Nuevo Leon,2019,1,19.08,20.37,20.85,-99.9962,25.5922
Nuevo Leon,2019,2,19.48,20.5,21.61,-99.9962,25.5922
Nuevo Leon,2019,3,20.23,21.51,21.65,-99.9962,25.5922
Nuevo Leon,2019,4,19.81,21.57,21.57,-99.9962,25.5922
Nuevo Leon,2019,5,19.92,21.63,21.53,-99.9962,25.5922
Nuevo Leon,2019,6,19.65,21.66,21.3,-99.9962,25.5922
Nuevo Leon,2019,7,19.77,21.65,21.47,-99.9962,25.5922
Nuevo Leon,2019,8,19.73,21.68,21.52,-99.9962,25.5922
Nuevo Leon,2019,9,19.86,21.71,21.59,-99.9962,25.5922
Nuevo Leon,2019,10,19.82,21.52,21.56,-99.9962,25.5922
Nuevo Leon,2019,11,19.81,21.38,21.55,-99.9962,25.5922
Nuevo Leon,2019,12,19.88,21.47,21.65,-99.9962,25.5922
Nuevo Leon,2020,1,19.98,21.59,21.67,-99.9962,25.5922
Nuevo Leon,2020,2,19.92,21.37,21.39,-99.9962,25.5922
Nuevo Leon,2020,3,18.36,19.79,20.48,-99.9962,25.5922
Nuevo Leon,2020,4,15.91,17.38,19.44,-99.9962,25.5922
Nuevo Leon,2020,5,16.59,17.75,18.74,-99.9962,25.5922
Nuevo Leon,2020,6,17.69,18.68,19.06,-99.9962,25.5922
Nuevo Leon,2020,7,18.8,19.53,19.57,-99.9962,25.5922
Nuevo Leon,2020,8,19.02,19.81,19.67,-99.9962,25.5922
Oaxaca,2017,1,15.86,17.62,16.94,-96.7266,17.0732
Oaxaca,2017,2,15.87,17.64,16.95,-96.7266,17.0732
Oaxaca,2017,3,15.77,17.53,16.82,-96.7266,17.0732
Oaxaca,2017,4,15.79,17.51,16.75,-96.7266,17.0732
Oaxaca,2017,5,15.7,17.44,16.63,-96.7266,17.0732
Oaxaca,2017,6,15.6,17.3,16.45,-96.7266,17.0732
Oaxaca,2017,7,15.51,17.2,16.32,-96.7266,17.0732
Oaxaca,2017,8,15.58,17.28,16.37,-96.7266,17.0732
Oaxaca,2017,9,15.81,17.53,16.63,-96.7266,17.0732
Oaxaca,2017,10,15.93,17.62,16.81,-96.7266,17.0732
Oaxaca,2017,11,16.01,17.71,16.92,-96.7266,17.0732
Oaxaca,2017,12,16.18,17.86,17.11,-96.7266,17.0732
Oaxaca,2018,1,16.78,18.41,17.72,-96.7266,17.0732
Oaxaca,2018,2,17.38,18.93,18.37,-96.7266,17.0732
Oaxaca,2018,3,17.63,19.1,18.63,-96.7266,17.0732
Oaxaca,2018,4,17.75,19.19,18.76,-96.7266,17.0732
Oaxaca,2018,5,17.91,19.35,18.91,-96.7266,17.0732
Oaxaca,2018,6,18.15,19.59,19.14,-96.7266,17.0732
Oaxaca,2018,7,18.54,19.97,19.51,-96.7266,17.0732
Oaxaca,2018,8,19.09,20.52,20.02,-96.7266,17.0732
Oaxaca,2018,9,19.32,20.73,20.29,-96.7266,17.0732
Oaxaca,2018,10,19.52,20.95,20.58,-96.7266,17.0732
Oaxaca,2018,11,19.51,20.94,20.74,-96.7266,17.0732
Oaxaca,2018,12,19.25,20.67,20.63,-96.7266,17.0732
Oaxaca,2019,1,19.06,20.39,20.6,-96.7266,17.0732
Oaxaca,2019,2,19.53,20.59,21.46,-96.7266,17.0732
Oaxaca,2019,3,20.1,21.14,21.81,-96.7266,17.0732
Oaxaca,2019,4,20.12,21.31,21.82,-96.7266,17.0732
Oaxaca,2019,5,20.1,21.36,21.75,-96.7266,17.0732
Oaxaca,2019,6,19.98,21.35,21.53,-96.7266,17.0732
Oaxaca,2019,7,20.1,21.4,21.6,-96.7266,17.0732
Oaxaca,2019,8,20.06,21.47,21.62,-96.7266,17.0732
Oaxaca,2019,9,20.14,21.46,21.7,-96.7266,17.0732
Oaxaca,2019,10,20.1,21.41,21.63,-96.7266,17.0732
Oaxaca,2019,11,20.08,21.24,21.61,-96.7266,17.0732
Oaxaca,2019,12,20.14,21.26,21.76,-96.7266,17.0732
Oaxaca,2020,1,20.14,21.22,21.79,-96.7266,17.0732
Oaxaca,2020,2,20.13,21,21.62,-96.7266,17.0732
Oaxaca,2020,3,18.69,19.53,20.75,-96.7266,17.0732
Oaxaca,2020,4,16.17,16.91,19.63,-96.7266,17.0732
Oaxaca,2020,5,17.08,17.51,19.36,-96.7266,17.0732
Oaxaca,2020,6,18.4,18.56,19.92,-96.7266,17.0732
Oaxaca,2020,7,19.33,19.5,20.42,-96.7266,17.0732
Oaxaca,2020,8,19.38,19.58,20.45,-96.7266,17.0732
Puebla,2017,1,15.86,17.62,16.94,-98.20193,19.04334
Puebla,2017,2,15.9,17.66,16.97,-98.20193,19.04334
Puebla,2017,3,15.77,17.52,16.82,-98.20193,19.04334
Puebla,2017,4,15.79,17.51,16.76,-98.20193,19.04334
Puebla,2017,5,15.69,17.44,16.63,-98.20193,19.04334
Puebla,2017,6,15.58,17.29,16.43,-98.20193,19.04334
Puebla,2017,7,15.5,17.19,16.3,-98.20193,19.04334
Puebla,2017,8,15.57,17.26,16.36,-98.20193,19.04334
Puebla,2017,9,15.79,17.5,16.6,-98.20193,19.04334
Puebla,2017,10,15.91,17.59,16.79,-98.20193,19.04334
Puebla,2017,11,15.99,17.69,16.9,-98.20193,19.04334
Puebla,2017,12,16.11,17.79,17.03,-98.20193,19.04334
Puebla,2018,1,16.65,18.28,17.55,-98.20193,19.04334
Puebla,2018,2,17.35,18.83,18.28,-98.20193,19.04334
Puebla,2018,3,17.58,18.97,18.53,-98.20193,19.04334
Puebla,2018,4,17.67,19.03,18.61,-98.20193,19.04334
Puebla,2018,5,17.82,19.14,18.74,-98.20193,19.04334
Puebla,2018,6,18.03,19.35,18.95,-98.20193,19.04334
Puebla,2018,7,18.42,19.76,19.32,-98.20193,19.04334
Puebla,2018,8,18.96,20.35,19.85,-98.20193,19.04334
Puebla,2018,9,19.21,20.59,20.13,-98.20193,19.04334
Puebla,2018,10,19.41,20.83,20.44,-98.20193,19.04334
Puebla,2018,11,19.41,20.83,20.63,-98.20193,19.04334
Puebla,2018,12,19.16,20.6,20.53,-98.20193,19.04334
Puebla,2019,1,18.85,20.09,20.48,-98.20193,19.04334
Puebla,2019,2,19.06,19.75,21.27,-98.20193,19.04334
Puebla,2019,3,19.59,20.41,21.36,-98.20193,19.04334
Puebla,2019,4,19.37,20.54,21.05,-98.20193,19.04334
Puebla,2019,5,19.26,20.53,20.95,-98.20193,19.04334
Puebla,2019,6,19.16,20.52,20.75,-98.20193,19.04334
Puebla,2019,7,19.25,20.58,20.82,-98.20193,19.04334
Puebla,2019,8,19.18,20.6,20.8,-98.20193,19.04334
Puebla,2019,9,19.28,20.6,20.88,-98.20193,19.04334
Puebla,2019,10,19.27,20.61,20.85,-98.20193,19.04334
Puebla,2019,11,19.28,20.46,20.84,-98.20193,19.04334
Puebla,2019,12,19.36,20.42,20.95,-98.20193,19.04334
Puebla,2020,1,19.43,20.44,21.04,-98.20193,19.04334
Puebla,2020,2,19.34,20.15,20.82,-98.20193,19.04334
Puebla,2020,3,17.75,18.59,19.81,-98.20193,19.04334
Puebla,2020,4,14.6,15.5,18.43,-98.20193,19.04334
Puebla,2020,5,15.85,16.25,17.86,-98.20193,19.04334
Puebla,2020,6,17.33,17.51,18.38,-98.20193,19.04334
Puebla,2020,7,18.34,18.53,19.03,-98.20193,19.04334
Puebla,2020,8,18.25,18.47,19.04,-98.20193,19.04334
Queretaro,2017,1,16.04,17.8,17.11,-100.38806,20.58806
Queretaro,2017,2,16.03,17.78,17.1,-100.38806,20.58806
Queretaro,2017,3,15.95,17.7,16.99,-100.38806,20.58806
Queretaro,2017,4,15.98,17.69,16.92,-100.38806,20.58806
Queretaro,2017,5,15.89,17.62,16.8,-100.38806,20.58806
Queretaro,2017,6,15.79,17.49,16.61,-100.38806,20.58806
Queretaro,2017,7,15.7,17.39,16.49,-100.38806,20.58806
Queretaro,2017,8,15.76,17.46,16.55,-100.38806,20.58806
Queretaro,2017,9,15.99,17.72,16.8,-100.38806,20.58806
Queretaro,2017,10,16.11,17.81,16.99,-100.38806,20.58806
Queretaro,2017,11,16.2,17.91,17.1,-100.38806,20.58806
Queretaro,2017,12,16.31,18,17.23,-100.38806,20.58806
Queretaro,2018,1,16.88,18.52,17.79,-100.38806,20.58806
Queretaro,2018,2,17.53,19.06,18.5,-100.38806,20.58806
Queretaro,2018,3,17.8,19.24,18.76,-100.38806,20.58806
Queretaro,2018,4,17.91,19.32,18.85,-100.38806,20.58806
Queretaro,2018,5,18.09,19.46,18.99,-100.38806,20.58806
Queretaro,2018,6,18.34,19.71,19.21,-100.38806,20.58806
Queretaro,2018,7,18.72,20.09,19.58,-100.38806,20.58806
Queretaro,2018,8,19.25,20.66,20.09,-100.38806,20.58806
Queretaro,2018,9,19.51,20.9,20.38,-100.38806,20.58806
Queretaro,2018,10,19.69,21.11,20.66,-100.38806,20.58806
Queretaro,2018,11,19.7,21.13,20.85,-100.38806,20.58806
Queretaro,2018,12,19.53,20.97,20.78,-100.38806,20.58806
Queretaro,2019,1,19.6,20.89,20.82,-100.38806,20.58806
Queretaro,2019,2,19.89,20.89,21.59,-100.38806,20.58806
Queretaro,2019,3,20.18,21.21,21.75,-100.38806,20.58806
Queretaro,2019,4,20.06,21.27,21.63,-100.38806,20.58806
Queretaro,2019,5,19.94,21.26,21.53,-100.38806,20.58806
Queretaro,2019,6,19.75,21.23,21.33,-100.38806,20.58806
Queretaro,2019,7,19.79,21.25,21.38,-100.38806,20.58806
Queretaro,2019,8,19.7,21.24,21.33,-100.38806,20.58806
Queretaro,2019,9,19.74,21.24,21.34,-100.38806,20.58806
Queretaro,2019,10,19.69,21.24,21.27,-100.38806,20.58806
Queretaro,2019,11,19.71,21.13,21.24,-100.38806,20.58806
Queretaro,2019,12,19.79,21.1,21.37,-100.38806,20.58806
Queretaro,2020,1,19.83,21.08,21.4,-100.38806,20.58806
Queretaro,2020,2,19.74,20.85,21.2,-100.38806,20.58806
Queretaro,2020,3,18.01,19.29,20.27,-100.38806,20.58806
Queretaro,2020,4,14.79,16.36,18.92,-100.38806,20.58806
Queretaro,2020,5,16.12,16.81,18.33,-100.38806,20.58806
Queretaro,2020,6,17.63,17.93,18.78,-100.38806,20.58806
Queretaro,2020,7,18.69,19.03,19.41,-100.38806,20.58806
Queretaro,2020,8,18.63,18.98,19.41,-100.38806,20.58806
Quintana Roo,2017,1,15.87,17.63,16.93,-88.4791,19.1817
Quintana Roo,2017,2,15.88,17.65,16.95,-88.4791,19.1817
Quintana Roo,2017,3,15.79,17.56,16.83,-88.4791,19.1817
Quintana Roo,2017,4,15.81,17.55,16.77,-88.4791,19.1817
Quintana Roo,2017,5,15.72,17.48,16.65,-88.4791,19.1817
Quintana Roo,2017,6,15.62,17.36,16.47,-88.4791,19.1817
Quintana Roo,2017,7,15.55,17.26,16.35,-88.4791,19.1817
Quintana Roo,2017,8,15.62,17.33,16.41,-88.4791,19.1817
Quintana Roo,2017,9,15.84,17.58,16.66,-88.4791,19.1817
Quintana Roo,2017,10,15.97,17.66,16.85,-88.4791,19.1817
Quintana Roo,2017,11,16.04,17.76,16.96,-88.4791,19.1817
Quintana Roo,2017,12,16.2,17.89,17.12,-88.4791,19.1817
Quintana Roo,2018,1,16.75,18.33,17.65,-88.4791,19.1817
Quintana Roo,2018,2,17.25,18.78,18.24,-88.4791,19.1817
Quintana Roo,2018,3,17.42,18.92,18.43,-88.4791,19.1817
Quintana Roo,2018,4,17.47,18.97,18.49,-88.4791,19.1817
Quintana Roo,2018,5,17.62,19.12,18.61,-88.4791,19.1817
Quintana Roo,2018,6,17.87,19.35,18.85,-88.4791,19.1817
Quintana Roo,2018,7,18.27,19.74,19.23,-88.4791,19.1817
Quintana Roo,2018,8,18.99,20.47,19.92,-88.4791,19.1817
Quintana Roo,2018,9,19.33,20.79,20.24,-88.4791,19.1817
Quintana Roo,2018,10,19.5,20.93,20.42,-88.4791,19.1817
Quintana Roo,2018,11,19.46,20.93,20.55,-88.4791,19.1817
Quintana Roo,2018,12,19.13,20.58,20.39,-88.4791,19.1817
Quintana Roo,2019,1,18.83,19.99,20.35,-88.4791,19.1817
Quintana Roo,2019,2,19.56,20.22,21.43,-88.4791,19.1817
Quintana Roo,2019,3,20.08,21.17,21.47,-88.4791,19.1817
Quintana Roo,2019,4,19.66,20.91,21.18,-88.4791,19.1817
Quintana Roo,2019,5,19.57,20.87,21.13,-88.4791,19.1817
Quintana Roo,2019,6,19.39,20.9,20.89,-88.4791,19.1817
Quintana Roo,2019,7,19.63,21.01,21.11,-88.4791,19.1817
Quintana Roo,2019,8,19.62,21.09,21.2,-88.4791,19.1817
Quintana Roo,2019,9,19.78,21.1,21.34,-88.4791,19.1817
Quintana Roo,2019,10,19.68,21.07,21.23,-88.4791,19.1817
Quintana Roo,2019,11,19.67,20.69,21.22,-88.4791,19.1817
Quintana Roo,2019,12,19.86,20.71,21.41,-88.4791,19.1817
Quintana Roo,2020,1,19.97,20.86,21.55,-88.4791,19.1817
Quintana Roo,2020,2,19.85,20.32,21.23,-88.4791,19.1817
Quintana Roo,2020,3,18.41,18.89,20.34,-88.4791,19.1817
Quintana Roo,2020,4,16.16,16.76,19.52,-88.4791,19.1817
Quintana Roo,2020,5,16.9,17.32,19.4,-88.4791,19.1817
Quintana Roo,2020,6,18.44,18.64,20.09,-88.4791,19.1817
Quintana Roo,2020,7,19.3,19.43,20.6,-88.4791,19.1817
Quintana Roo,2020,8,19.39,19.58,20.66,-88.4791,19.1817
San Luis Potosi,2017,1,15.85,17.69,16.94,-100.97916,22.14982
San Luis Potosi,2017,2,15.82,17.65,16.9,-100.97916,22.14982
San Luis Potosi,2017,3,15.76,17.59,16.81,-100.97916,22.14982
San Luis Potosi,2017,4,15.78,17.58,16.74,-100.97916,22.14982
San Luis Potosi,2017,5,15.69,17.51,16.62,-100.97916,22.14982
San Luis Potosi,2017,6,15.59,17.38,16.44,-100.97916,22.14982
San Luis Potosi,2017,7,15.5,17.28,16.32,-100.97916,22.14982
San Luis Potosi,2017,8,15.58,17.36,16.37,-100.97916,22.14982
San Luis Potosi,2017,9,15.8,17.61,16.62,-100.97916,22.14982
San Luis Potosi,2017,10,15.93,17.7,16.82,-100.97916,22.14982
San Luis Potosi,2017,11,16.01,17.8,16.94,-100.97916,22.14982
San Luis Potosi,2017,12,16.2,17.96,17.12,-100.97916,22.14982
San Luis Potosi,2018,1,16.85,18.56,17.68,-100.97916,22.14982
San Luis Potosi,2018,2,17.57,19.18,18.45,-100.97916,22.14982
San Luis Potosi,2018,3,17.79,19.31,18.69,-100.97916,22.14982
San Luis Potosi,2018,4,17.86,19.36,18.76,-100.97916,22.14982
San Luis Potosi,2018,5,18.03,19.49,18.9,-100.97916,22.14982
San Luis Potosi,2018,6,18.25,19.7,19.13,-100.97916,22.14982
San Luis Potosi,2018,7,18.56,20.06,19.51,-100.97916,22.14982
San Luis Potosi,2018,8,19.04,20.58,20.03,-100.97916,22.14982
San Luis Potosi,2018,9,19.3,20.83,20.3,-100.97916,22.14982
San Luis Potosi,2018,10,19.52,21.09,20.6,-100.97916,22.14982
San Luis Potosi,2018,11,19.47,21.03,20.79,-100.97916,22.14982
San Luis Potosi,2018,12,19.17,20.76,20.65,-100.97916,22.14982
San Luis Potosi,2019,1,18.92,20.33,20.61,-100.97916,22.14982
San Luis Potosi,2019,2,19.35,20.19,21.53,-100.97916,22.14982
San Luis Potosi,2019,3,19.77,20.8,21.31,-100.97916,22.14982
San Luis Potosi,2019,4,19.52,20.91,20.99,-100.97916,22.14982
San Luis Potosi,2019,5,19.45,20.9,20.92,-100.97916,22.14982
San Luis Potosi,2019,6,19.31,20.91,20.73,-100.97916,22.14982
San Luis Potosi,2019,7,19.31,20.85,20.81,-100.97916,22.14982
San Luis Potosi,2019,8,19.17,20.77,20.79,-100.97916,22.14982
San Luis Potosi,2019,9,19.36,20.77,20.92,-100.97916,22.14982
San Luis Potosi,2019,10,19.33,20.8,20.82,-100.97916,22.14982
San Luis Potosi,2019,11,19.37,20.73,20.86,-100.97916,22.14982
San Luis Potosi,2019,12,19.5,20.69,21.01,-100.97916,22.14982
San Luis Potosi,2020,1,19.61,20.72,21.1,-100.97916,22.14982
San Luis Potosi,2020,2,19.5,20.36,20.78,-100.97916,22.14982
San Luis Potosi,2020,3,17.59,18.68,19.83,-100.97916,22.14982
San Luis Potosi,2020,4,14.57,15.66,18.56,-100.97916,22.14982
San Luis Potosi,2020,5,16.27,16.76,18.28,-100.97916,22.14982
San Luis Potosi,2020,6,17.75,17.99,18.96,-100.97916,22.14982
San Luis Potosi,2020,7,18.52,18.81,19.46,-100.97916,22.14982
San Luis Potosi,2020,8,18.41,18.79,19.41,-100.97916,22.14982
Sinaloa,2017,1,16.13,17.9,17.23,-107.4795,25.1721
Sinaloa,2017,2,16.1,17.87,17.23,-107.4795,25.1721
Sinaloa,2017,3,16.02,17.78,17.09,-107.4795,25.1721
Sinaloa,2017,4,16.04,17.77,17.03,-107.4795,25.1721
Sinaloa,2017,5,15.95,17.7,16.91,-107.4795,25.1721
Sinaloa,2017,6,15.85,17.57,16.73,-107.4795,25.1721
Sinaloa,2017,7,15.77,17.47,16.6,-107.4795,25.1721
Sinaloa,2017,8,15.84,17.54,16.66,-107.4795,25.1721
Sinaloa,2017,9,16.07,17.8,16.91,-107.4795,25.1721
Sinaloa,2017,10,16.2,17.89,17.1,-107.4795,25.1721
Sinaloa,2017,11,16.34,18.04,17.26,-107.4795,25.1721
Sinaloa,2017,12,16.53,18.22,17.45,-107.4795,25.1721
Sinaloa,2018,1,17.08,18.72,18.02,-107.4795,25.1721
Sinaloa,2018,2,17.64,19.26,18.63,-107.4795,25.1721
Sinaloa,2018,3,17.89,19.47,18.9,-107.4795,25.1721
Sinaloa,2018,4,18.06,19.61,19.05,-107.4795,25.1721
Sinaloa,2018,5,18.26,19.79,19.23,-107.4795,25.1721
Sinaloa,2018,6,18.51,20.02,19.48,-107.4795,25.1721
Sinaloa,2018,7,18.91,20.37,19.82,-107.4795,25.1721
Sinaloa,2018,8,19.47,20.88,20.33,-107.4795,25.1721
Sinaloa,2018,9,19.72,21.1,20.6,-107.4795,25.1721
Sinaloa,2018,10,19.91,21.33,20.89,-107.4795,25.1721
Sinaloa,2018,11,19.93,21.35,21.06,-107.4795,25.1721
Sinaloa,2018,12,19.81,21.19,21.01,-107.4795,25.1721
Sinaloa,2019,1,19.55,20.74,20.95,-107.4795,25.1721
Sinaloa,2019,2,19.83,20.51,21.58,-107.4795,25.1721
Sinaloa,2019,3,20.2,21.69,21.85,-107.4795,25.1721
Sinaloa,2019,4,20.03,22.23,21.9,-107.4795,25.1721
Sinaloa,2019,5,20,22.35,21.84,-107.4795,25.1721
Sinaloa,2019,6,19.84,22.33,21.62,-107.4795,25.1721
Sinaloa,2019,7,19.95,22.3,21.76,-107.4795,25.1721
Sinaloa,2019,8,19.86,22.29,21.72,-107.4795,25.1721
Sinaloa,2019,9,19.87,22.24,21.76,-107.4795,25.1721
Sinaloa,2019,10,19.8,21.85,21.72,-107.4795,25.1721
Sinaloa,2019,11,19.79,21.67,21.73,-107.4795,25.1721
Sinaloa,2019,12,19.88,21.66,21.85,-107.4795,25.1721
Sinaloa,2020,1,19.97,21.71,21.87,-107.4795,25.1721
Sinaloa,2020,2,19.84,21.4,21.55,-107.4795,25.1721
Sinaloa,2020,3,17.96,20.12,20.84,-107.4795,25.1721
Sinaloa,2020,4,15.68,17.77,19.83,-107.4795,25.1721
Sinaloa,2020,5,17.37,18.76,19.31,-107.4795,25.1721
Sinaloa,2020,6,18.62,19.99,20.55,-107.4795,25.1721
Sinaloa,2020,7,19.4,21.09,21.1,-107.4795,25.1721
Sinaloa,2020,8,19.23,20.89,20.89,-107.4795,25.1721
Sonora,2017,1,16.12,17.92,17.26,-110.66667,29.33333
Sonora,2017,2,16.15,17.97,17.3,-110.66667,29.33333
Sonora,2017,3,15.77,17.62,17.16,-110.66667,29.33333
Sonora,2017,4,15.67,17.5,17.1,-110.66667,29.33333
Sonora,2017,5,15.57,17.41,16.98,-110.66667,29.33333
Sonora,2017,6,15.45,17.28,16.83,-110.66667,29.33333
Sonora,2017,7,15.33,17.17,16.71,-110.66667,29.33333
Sonora,2017,8,15.4,17.25,16.76,-110.66667,29.33333
Sonora,2017,9,15.63,17.48,16.99,-110.66667,29.33333
Sonora,2017,10,15.79,17.59,17.19,-110.66667,29.33333
Sonora,2017,11,15.92,17.71,17.34,-110.66667,29.33333
Sonora,2017,12,16.05,17.84,17.51,-110.66667,29.33333
Sonora,2018,1,16.43,18.19,17.99,-110.66667,29.33333
Sonora,2018,2,16.98,18.7,18.51,-110.66667,29.33333
Sonora,2018,3,17.22,18.87,18.71,-110.66667,29.33333
Sonora,2018,4,17.37,18.97,18.83,-110.66667,29.33333
Sonora,2018,5,17.64,19.17,18.97,-110.66667,29.33333
Sonora,2018,6,17.8,19.35,19.21,-110.66667,29.33333
Sonora,2018,7,18.19,19.73,19.61,-110.66667,29.33333
Sonora,2018,8,18.71,20.23,20.14,-110.66667,29.33333
Sonora,2018,9,18.95,20.45,20.42,-110.66667,29.33333
Sonora,2018,10,19.13,20.66,20.73,-110.66667,29.33333
Sonora,2018,11,19.13,20.69,20.91,-110.66667,29.33333
Sonora,2018,12,18.93,20.5,20.86,-110.66667,29.33333
Sonora,2019,1,18.28,19.69,20.62,-110.66667,29.33333
Sonora,2019,2,18.78,19.94,21.44,-110.66667,29.33333
Sonora,2019,3,19.34,20.63,21.7,-110.66667,29.33333
Sonora,2019,4,19.08,20.89,21.42,-110.66667,29.33333
Sonora,2019,5,19.1,20.94,21.34,-110.66667,29.33333
Sonora,2019,6,18.98,20.92,21.24,-110.66667,29.33333
Sonora,2019,7,18.96,20.74,21.36,-110.66667,29.33333
Sonora,2019,8,18.62,20.82,21.28,-110.66667,29.33333
Sonora,2019,9,18.87,21,21.32,-110.66667,29.33333
Sonora,2019,10,19.15,21.04,21.37,-110.66667,29.33333
Sonora,2019,11,18.79,20.56,21.12,-110.66667,29.33333
Sonora,2019,12,19,20.53,21.33,-110.66667,29.33333
Sonora,2020,1,18.8,20.34,21.36,-110.66667,29.33333
Sonora,2020,2,18.91,20.37,21.22,-110.66667,29.33333
Sonora,2020,3,17.95,19.79,20.7,-110.66667,29.33333
Sonora,2020,4,15.47,17.49,19.75,-110.66667,29.33333
Sonora,2020,5,16.83,18.02,19.18,-110.66667,29.33333
Sonora,2020,6,18.38,19.27,19.86,-110.66667,29.33333
Sonora,2020,7,19.14,20.08,20.37,-110.66667,29.33333
Sonora,2020,8,18.93,19.93,20.32,-110.66667,29.33333
Tabasco,2017,1,15.57,17.36,16.66,-92.6189,17.8409
Tabasco,2017,2,15.57,17.35,16.65,-92.6189,17.8409
Tabasco,2017,3,15.49,17.26,16.53,-92.6189,17.8409
Tabasco,2017,4,15.52,17.25,16.46,-92.6189,17.8409
Tabasco,2017,5,15.42,17.18,16.35,-92.6189,17.8409
Tabasco,2017,6,15.33,17.05,16.17,-92.6189,17.8409
Tabasco,2017,7,15.25,16.94,16.05,-92.6189,17.8409
Tabasco,2017,8,15.32,17.02,16.1,-92.6189,17.8409
Tabasco,2017,9,15.55,17.27,16.36,-92.6189,17.8409
Tabasco,2017,10,15.67,17.36,16.54,-92.6189,17.8409
Tabasco,2017,11,15.75,17.46,16.65,-92.6189,17.8409
Tabasco,2017,12,15.86,17.57,16.78,-92.6189,17.8409
Tabasco,2018,1,16.42,18.05,17.34,-92.6189,17.8409
Tabasco,2018,2,17.03,18.58,18,-92.6189,17.8409
Tabasco,2018,3,17.29,18.78,18.27,-92.6189,17.8409
Tabasco,2018,4,17.42,18.88,18.4,-92.6189,17.8409
Tabasco,2018,5,17.53,18.96,18.51,-92.6189,17.8409
Tabasco,2018,6,17.8,19.2,18.76,-92.6189,17.8409
Tabasco,2018,7,18.15,19.56,19.09,-92.6189,17.8409
Tabasco,2018,8,18.62,20.03,19.56,-92.6189,17.8409
Tabasco,2018,9,18.81,20.23,19.81,-92.6189,17.8409
Tabasco,2018,10,18.97,20.43,20.06,-92.6189,17.8409
Tabasco,2018,11,18.91,20.39,20.2,-92.6189,17.8409
Tabasco,2018,12,18.64,20.13,20.1,-92.6189,17.8409
Tabasco,2019,1,18.16,19.36,19.96,-92.6189,17.8409
Tabasco,2019,2,18.2,18.84,20.57,-92.6189,17.8409
Tabasco,2019,3,18.88,19.71,20.74,-92.6189,17.8409
Tabasco,2019,4,18.73,19.96,20.48,-92.6189,17.8409
Tabasco,2019,5,18.56,19.92,20.35,-92.6189,17.8409
Tabasco,2019,6,18.39,19.89,20.17,-92.6189,17.8409
Tabasco,2019,7,18.45,19.93,20.2,-92.6189,17.8409
Tabasco,2019,8,18.35,19.93,20.11,-92.6189,17.8409
Tabasco,2019,9,18.46,19.97,20.22,-92.6189,17.8409
Tabasco,2019,10,18.39,19.91,20.11,-92.6189,17.8409
Tabasco,2019,11,18.34,19.75,20.08,-92.6189,17.8409
Tabasco,2019,12,18.5,19.75,20.18,-92.6189,17.8409
Tabasco,2020,1,18.62,19.7,20.3,-92.6189,17.8409
Tabasco,2020,2,18.55,19.51,20.16,-92.6189,17.8409
Tabasco,2020,3,17.82,18.83,19.78,-92.6189,17.8409
Tabasco,2020,4,15.08,16.38,18.86,-92.6189,17.8409
Tabasco,2020,5,15.71,16.32,18.53,-92.6189,17.8409
Tabasco,2020,6,17.03,17.18,18.75,-92.6189,17.8409
Tabasco,2020,7,18.06,18.22,19.09,-92.6189,17.8409
Tabasco,2020,8,18.08,18.28,19.08,-92.6189,17.8409
Tamaulipas,2017,1,15.15,17.06,16.87,-98.8363,24.2669
Tamaulipas,2017,2,15.22,17.09,16.94,-98.8363,24.2669
Tamaulipas,2017,3,14.15,16.46,16.79,-98.8363,24.2669
Tamaulipas,2017,4,13.87,16.16,16.72,-98.8363,24.2669
Tamaulipas,2017,5,13.72,16.05,16.59,-98.8363,24.2669
Tamaulipas,2017,6,13.52,15.84,16.43,-98.8363,24.2669
Tamaulipas,2017,7,13.33,15.67,16.29,-98.8363,24.2669
Tamaulipas,2017,8,13.36,15.74,16.31,-98.8363,24.2669
Tamaulipas,2017,9,13.56,15.96,16.54,-98.8363,24.2669
Tamaulipas,2017,10,13.68,16.06,16.74,-98.8363,24.2669
Tamaulipas,2017,11,13.76,16.16,16.87,-98.8363,24.2669
Tamaulipas,2017,12,13.9,16.25,17.05,-98.8363,24.2669
Tamaulipas,2018,1,14.4,16.67,17.56,-98.8363,24.2669
Tamaulipas,2018,2,15.07,17.2,18.2,-98.8363,24.2669
Tamaulipas,2018,3,15.27,17.32,18.44,-98.8363,24.2669
Tamaulipas,2018,4,15.41,17.43,18.52,-98.8363,24.2669
Tamaulipas,2018,5,15.74,17.72,18.66,-98.8363,24.2669
Tamaulipas,2018,6,15.76,17.82,18.91,-98.8363,24.2669
Tamaulipas,2018,7,16.04,18.11,19.31,-98.8363,24.2669
Tamaulipas,2018,8,16.56,18.67,19.82,-98.8363,24.2669
Tamaulipas,2018,9,16.88,18.93,20.14,-98.8363,24.2669
Tamaulipas,2018,10,17.07,19.16,20.43,-98.8363,24.2669
Tamaulipas,2018,11,16.92,19.04,20.59,-98.8363,24.2669
Tamaulipas,2018,12,16.48,18.72,20.47,-98.8363,24.2669
Tamaulipas,2019,1,15.95,17.92,20.18,-98.8363,24.2669
Tamaulipas,2019,2,16.57,17.86,21.09,-98.8363,24.2669
Tamaulipas,2019,3,17.02,18.53,21.15,-98.8363,24.2669
Tamaulipas,2019,4,16.62,18.5,20.7,-98.8363,24.2669
Tamaulipas,2019,5,16.27,18.3,20.61,-98.8363,24.2669
Tamaulipas,2019,6,16.16,18.21,20.45,-98.8363,24.2669
Tamaulipas,2019,7,16.27,18.26,20.5,-98.8363,24.2669
Tamaulipas,2019,8,15.91,18.03,20.45,-98.8363,24.2669
Tamaulipas,2019,9,16.27,18.19,20.5,-98.8363,24.2669
Tamaulipas,2019,10,16.39,18.14,20.31,-98.8363,24.2669
Tamaulipas,2019,11,16.33,17.93,20.3,-98.8363,24.2669
Tamaulipas,2019,12,16.52,18.19,20.62,-98.8363,24.2669
Tamaulipas,2020,1,16.7,18.37,20.64,-98.8363,24.2669
Tamaulipas,2020,2,16.56,18.07,20.47,-98.8363,24.2669
Tamaulipas,2020,3,15.29,16.88,19.85,-98.8363,24.2669
Tamaulipas,2020,4,13.14,14.85,18.97,-98.8363,24.2669
Tamaulipas,2020,5,13.85,15.18,18.63,-98.8363,24.2669
Tamaulipas,2020,6,15.05,16.04,19.01,-98.8363,24.2669
Tamaulipas,2020,7,15.93,16.77,19.54,-98.8363,24.2669
Tamaulipas,2020,8,16.11,16.92,19.57,-98.8363,24.2669
Tlaxcala,2017,1,15.79,17.56,16.86,-98.19982,19.31905
Tlaxcala,2017,2,15.84,17.6,16.9,-98.19982,19.31905
Tlaxcala,2017,3,15.7,17.46,16.74,-98.19982,19.31905
Tlaxcala,2017,4,15.72,17.45,16.67,-98.19982,19.31905
Tlaxcala,2017,5,15.62,17.37,16.55,-98.19982,19.31905
Tlaxcala,2017,6,15.52,17.24,16.37,-98.19982,19.31905
Tlaxcala,2017,7,15.45,17.14,16.25,-98.19982,19.31905
Tlaxcala,2017,8,15.52,17.21,16.3,-98.19982,19.31905
Tlaxcala,2017,9,15.74,17.46,16.55,-98.19982,19.31905
Tlaxcala,2017,10,15.87,17.55,16.74,-98.19982,19.31905
Tlaxcala,2017,11,15.95,17.65,16.86,-98.19982,19.31905
Tlaxcala,2017,12,16.03,17.72,16.96,-98.19982,19.31905
Tlaxcala,2018,1,16.59,18.22,17.5,-98.19982,19.31905
Tlaxcala,2018,2,17.29,18.78,18.23,-98.19982,19.31905
Tlaxcala,2018,3,17.51,18.89,18.48,-98.19982,19.31905
Tlaxcala,2018,4,17.59,18.94,18.57,-98.19982,19.31905
Tlaxcala,2018,5,17.74,19.06,18.69,-98.19982,19.31905
Tlaxcala,2018,6,17.97,19.28,18.91,-98.19982,19.31905
Tlaxcala,2018,7,18.38,19.72,19.3,-98.19982,19.31905
Tlaxcala,2018,8,18.93,20.31,19.82,-98.19982,19.31905
Tlaxcala,2018,9,19.13,20.51,20.07,-98.19982,19.31905
Tlaxcala,2018,10,19.32,20.72,20.38,-98.19982,19.31905
Tlaxcala,2018,11,19.31,20.71,20.58,-98.19982,19.31905
Tlaxcala,2018,12,18.92,20.28,20.41,-98.19982,19.31905
Tlaxcala,2019,1,18.55,19.58,20.39,-98.19982,19.31905
Tlaxcala,2019,2,19,19.42,21.37,-98.19982,19.31905
Tlaxcala,2019,3,19.61,20.4,21.36,-98.19982,19.31905
Tlaxcala,2019,4,19.39,20.6,21.09,-98.19982,19.31905
Tlaxcala,2019,5,19.34,20.61,20.99,-98.19982,19.31905
Tlaxcala,2019,6,19.11,20.57,20.78,-98.19982,19.31905
Tlaxcala,2019,7,19.26,20.59,20.86,-98.19982,19.31905
Tlaxcala,2019,8,19.23,20.65,20.87,-98.19982,19.31905
Tlaxcala,2019,9,19.33,20.64,20.91,-98.19982,19.31905
Tlaxcala,2019,10,19.32,20.61,20.88,-98.19982,19.31905
Tlaxcala,2019,11,19.33,20.37,20.86,-98.19982,19.31905
Tlaxcala,2019,12,19.4,20.33,20.98,-98.19982,19.31905
Tlaxcala,2020,1,19.47,20.27,21.06,-98.19982,19.31905
Tlaxcala,2020,2,19.32,19.85,20.61,-98.19982,19.31905
Tlaxcala,2020,3,17.55,18.3,19.52,-98.19982,19.31905
Tlaxcala,2020,4,14.51,15.36,18.24,-98.19982,19.31905
Tlaxcala,2020,5,15.94,16.25,17.65,-98.19982,19.31905
Tlaxcala,2020,6,17.43,17.52,18.29,-98.19982,19.31905
Tlaxcala,2020,7,18.33,18.43,18.98,-98.19982,19.31905
Tlaxcala,2020,8,18.24,18.34,18.99,-98.19982,19.31905
Veracruz,2017,1,15.52,17.29,16.61,-96.1428986,19.1809502
Veracruz,2017,2,15.55,17.31,16.65,-96.1428986,19.1809502
Veracruz,2017,3,15.44,17.2,16.5,-96.1428986,19.1809502
Veracruz,2017,4,15.47,17.19,16.43,-96.1428986,19.1809502
Veracruz,2017,5,15.38,17.12,16.31,-96.1428986,19.1809502
Veracruz,2017,6,15.28,16.98,16.13,-96.1428986,19.1809502
Veracruz,2017,7,15.19,16.88,16,-96.1428986,19.1809502
Veracruz,2017,8,15.26,16.96,16.06,-96.1428986,19.1809502
Veracruz,2017,9,15.49,17.21,16.31,-96.1428986,19.1809502
Veracruz,2017,10,15.61,17.3,16.5,-96.1428986,19.1809502
Veracruz,2017,11,15.69,17.41,16.62,-96.1428986,19.1809502
Veracruz,2017,12,15.82,17.52,16.76,-96.1428986,19.1809502
Veracruz,2018,1,16.35,18,17.29,-96.1428986,19.1809502
Veracruz,2018,2,16.97,18.5,17.96,-96.1428986,19.1809502
Veracruz,2018,3,17.2,18.65,18.21,-96.1428986,19.1809502
Veracruz,2018,4,17.31,18.73,18.31,-96.1428986,19.1809502
Veracruz,2018,5,17.47,18.87,18.46,-96.1428986,19.1809502
Veracruz,2018,6,17.68,19.08,18.67,-96.1428986,19.1809502
Veracruz,2018,7,18.02,19.42,19,-96.1428986,19.1809502
Veracruz,2018,8,18.55,19.96,19.52,-96.1428986,19.1809502
Veracruz,2018,9,18.79,20.19,19.79,-96.1428986,19.1809502
Veracruz,2018,10,18.98,20.4,20.07,-96.1428986,19.1809502
Veracruz,2018,11,18.94,20.38,20.24,-96.1428986,19.1809502
Veracruz,2018,12,18.64,20.08,20.1,-96.1428986,19.1809502
Veracruz,2019,1,18.31,19.57,20.03,-96.1428986,19.1809502
Veracruz,2019,2,18.65,19.36,20.82,-96.1428986,19.1809502
Veracruz,2019,3,19.17,20,21.04,-96.1428986,19.1809502
Veracruz,2019,4,19.02,20.12,20.84,-96.1428986,19.1809502
Veracruz,2019,5,18.92,20.1,20.76,-96.1428986,19.1809502
Veracruz,2019,6,18.81,20.09,20.58,-96.1428986,19.1809502
Veracruz,2019,7,18.88,20.16,20.63,-96.1428986,19.1809502
Veracruz,2019,8,18.84,20.18,20.59,-96.1428986,19.1809502
Veracruz,2019,9,18.91,20.18,20.62,-96.1428986,19.1809502
Veracruz,2019,10,18.9,20.18,20.6,-96.1428986,19.1809502
Veracruz,2019,11,18.87,20.07,20.55,-96.1428986,19.1809502
Veracruz,2019,12,19,20.1,20.67,-96.1428986,19.1809502
Veracruz,2020,1,19.1,20.12,20.79,-96.1428986,19.1809502
Veracruz,2020,2,19.01,19.82,20.59,-96.1428986,19.1809502
Veracruz,2020,3,17.47,18.29,19.65,-96.1428986,19.1809502
Veracruz,2020,4,14.75,15.65,18.5,-96.1428986,19.1809502
Veracruz,2020,5,15.84,16.34,18.14,-96.1428986,19.1809502
Veracruz,2020,6,17.22,17.39,18.65,-96.1428986,19.1809502
Veracruz,2020,7,18.25,18.42,19.23,-96.1428986,19.1809502
Veracruz,2020,8,18.3,18.48,19.28,-96.1428986,19.1809502
Yucatan,2017,1,15.44,17.21,16.52,-89.05037,19.69302
Yucatan,2017,2,15.42,17.18,16.49,-89.05037,19.69302
Yucatan,2017,3,15.34,17.1,16.38,-89.05037,19.69302
Yucatan,2017,4,15.36,17.09,16.32,-89.05037,19.69302
Yucatan,2017,5,15.26,17.03,16.2,-89.05037,19.69302
Yucatan,2017,6,15.17,16.9,16.02,-89.05037,19.69302
Yucatan,2017,7,15.09,16.8,15.9,-89.05037,19.69302
Yucatan,2017,8,15.16,16.87,15.95,-89.05037,19.69302
Yucatan,2017,9,15.38,17.12,16.19,-89.05037,19.69302
Yucatan,2017,10,15.5,17.21,16.38,-89.05037,19.69302
Yucatan,2017,11,15.59,17.3,16.5,-89.05037,19.69302
Yucatan,2017,12,15.73,17.43,16.64,-89.05037,19.69302
Yucatan,2018,1,16.33,17.94,17.22,-89.05037,19.69302
Yucatan,2018,2,16.88,18.45,17.88,-89.05037,19.69302
Yucatan,2018,3,17.14,18.66,18.18,-89.05037,19.69302
Yucatan,2018,4,17.25,18.76,18.28,-89.05037,19.69302
Yucatan,2018,5,17.39,18.89,18.41,-89.05037,19.69302
Yucatan,2018,6,17.63,19.12,18.65,-89.05037,19.69302
Yucatan,2018,7,18.08,19.55,19.09,-89.05037,19.69302
Yucatan,2018,8,18.78,20.24,19.74,-89.05037,19.69302
Yucatan,2018,9,19.05,20.5,20.02,-89.05037,19.69302
Yucatan,2018,10,19.2,20.64,20.22,-89.05037,19.69302
Yucatan,2018,11,19.21,20.66,20.36,-89.05037,19.69302
Yucatan,2018,12,18.82,20.29,20.25,-89.05037,19.69302
Yucatan,2019,1,18.52,19.69,20.2,-89.05037,19.69302
Yucatan,2019,2,19.32,19.88,21.38,-89.05037,19.69302
Yucatan,2019,3,19.93,21.01,21.38,-89.05037,19.69302
Yucatan,2019,4,19.29,20.6,20.96,-89.05037,19.69302
Yucatan,2019,5,19.16,20.58,20.84,-89.05037,19.69302
Yucatan,2019,6,19.06,20.65,20.6,-89.05037,19.69302
Yucatan,2019,7,19.34,20.71,20.88,-89.05037,19.69302
Yucatan,2019,8,19.3,20.79,20.93,-89.05037,19.69302
Yucatan,2019,9,19.46,20.83,21.07,-89.05037,19.69302
Yucatan,2019,10,19.29,20.82,20.92,-89.05037,19.69302
Yucatan,2019,11,19.32,20.29,20.97,-89.05037,19.69302
Yucatan,2019,12,19.45,20.32,21.14,-89.05037,19.69302
Yucatan,2020,1,19.63,20.43,21.34,-89.05037,19.69302
Yucatan,2020,2,19.46,19.85,20.97,-89.05037,19.69302
Yucatan,2020,3,17.99,18.43,20.06,-89.05037,19.69302
Yucatan,2020,4,15.73,16.27,19.47,-89.05037,19.69302
Yucatan,2020,5,16.79,17.09,19.4,-89.05037,19.69302
Yucatan,2020,6,18.18,18.32,20.24,-89.05037,19.69302
Yucatan,2020,7,18.94,19.04,20.73,-89.05037,19.69302
Yucatan,2020,8,19.01,19.16,20.81,-89.05037,19.69302
Zacatecas,2017,1,16.19,17.96,17.26,-102.5832,22.7709
Zacatecas,2017,2,16.26,18.04,17.31,-102.5832,22.7709
Zacatecas,2017,3,16.12,17.88,17.15,-102.5832,22.7709
Zacatecas,2017,4,16.14,17.87,17.08,-102.5832,22.7709
Zacatecas,2017,5,16.05,17.81,16.97,-102.5832,22.7709
Zacatecas,2017,6,15.95,17.68,16.8,-102.5832,22.7709
Zacatecas,2017,7,15.87,17.58,16.67,-102.5832,22.7709
Zacatecas,2017,8,15.94,17.66,16.72,-102.5832,22.7709
Zacatecas,2017,9,16.16,17.91,16.97,-102.5832,22.7709
Zacatecas,2017,10,16.29,18,17.16,-102.5832,22.7709
Zacatecas,2017,11,16.37,18.1,17.28,-102.5832,22.7709
Zacatecas,2017,12,16.57,18.26,17.5,-102.5832,22.7709
Zacatecas,2018,1,17.28,18.9,18.19,-102.5832,22.7709
Zacatecas,2018,2,18.11,19.58,19.05,-102.5832,22.7709
Zacatecas,2018,3,18.36,19.75,19.32,-102.5832,22.7709
Zacatecas,2018,4,18.47,19.82,19.41,-102.5832,22.7709
Zacatecas,2018,5,18.59,19.93,19.53,-102.5832,22.7709
Zacatecas,2018,6,18.79,20.09,19.73,-102.5832,22.7709
Zacatecas,2018,7,19.16,20.46,20.1,-102.5832,22.7709
Zacatecas,2018,8,19.69,21,20.62,-102.5832,22.7709
Zacatecas,2018,9,19.94,21.27,20.91,-102.5832,22.7709
Zacatecas,2018,10,20.12,21.48,21.18,-102.5832,22.7709
Zacatecas,2018,11,20.09,21.47,21.33,-102.5832,22.7709
Zacatecas,2018,12,19.82,21.25,21.22,-102.5832,22.7709
Zacatecas,2019,1,19.62,20.84,21.26,-102.5832,22.7709
Zacatecas,2019,2,19.89,20.62,21.92,-102.5832,22.7709
Zacatecas,2019,3,20.22,21.08,21.79,-102.5832,22.7709
Zacatecas,2019,4,19.91,21.09,21.44,-102.5832,22.7709
Zacatecas,2019,5,19.81,21.09,21.35,-102.5832,22.7709
Zacatecas,2019,6,19.73,21.15,21.17,-102.5832,22.7709
Zacatecas,2019,7,19.77,21.15,21.26,-102.5832,22.7709
Zacatecas,2019,8,19.7,21.17,21.24,-102.5832,22.7709
Zacatecas,2019,9,19.8,21.14,21.31,-102.5832,22.7709
Zacatecas,2019,10,19.74,21.2,21.26,-102.5832,22.7709
Zacatecas,2019,11,19.73,20.96,21.25,-102.5832,22.7709
Zacatecas,2019,12,19.89,21,21.44,-102.5832,22.7709
Zacatecas,2020,1,19.93,20.96,21.48,-102.5832,22.7709
Zacatecas,2020,2,19.79,20.71,21.2,-102.5832,22.7709
Zacatecas,2020,3,18.7,19.61,20.46,-102.5832,22.7709
Zacatecas,2020,4,15.88,17.12,19.24,-102.5832,22.7709
Zacatecas,2020,5,16.53,17.17,18.82,-102.5832,22.7709
Zacatecas,2020,6,17.87,18.12,19.21,-102.5832,22.7709
Zacatecas,2020,7,18.92,19.17,19.74,-102.5832,22.7709
Zacatecas,2020,8,19.03,19.35,19.74,-102.5832,22.7709