Fecha,Gas87,Gas91,Diesel
01/01/17,15.99,17.79,17.05
02/01/17,16.02,17.82,17.08
03/01/17,16.02,17.83,17.08
04/01/17,16.02,17.83,17.08
05/01/17,16.02,17.83,17.08
06/01/17,16.02,17.83,17.08
07/01/17,16.02,17.83,17.08
08/01/17,16.02,17.83,17.08
09/01/17,16.02,17.83,17.09
10/01/17,16.02,17.83,17.08
11/01/17,16.01,17.82,17.08
12/01/17,16.01,17.83,17.08
13/01/17,16.01,17.82,17.08
14/01/17,16,17.82,17.07
15/01/17,16,17.82,17.07
16/01/17,16,17.82,17.07
17/01/17,16,17.81,17.07
18/01/17,16,17.81,17.07
19/01/17,16,17.81,17.07
20/01/17,16,17.81,17.07
21/01/17,16,17.81,17.07
22/01/17,16,17.81,17.07
23/01/17,16,17.81,17.07
24/01/17,16,17.81,17.07
25/01/17,16,17.81,17.07
26/01/17,15.99,17.8,17.07
27/01/17,15.99,17.81,17.07
28/01/17,15.99,17.81,17.07
29/01/17,15.99,17.81,17.07
30/01/17,15.99,17.81,17.07
31/01/17,15.99,17.82,17.08
01/02/17,15.91,17.77,17.08
02/02/17,15.89,17.74,17.08
03/02/17,15.88,17.74,17.08
04/02/17,15.87,17.73,17.08
05/02/17,15.86,17.73,17.08
06/02/17,15.86,17.73,17.07
07/02/17,15.86,17.72,17.07
08/02/17,15.86,17.72,17.07
09/02/17,15.85,17.72,17.07
10/02/17,15.84,17.72,17.07
11/02/17,15.84,17.71,17.07
12/02/17,15.8,17.68,17.08
13/02/17,15.75,17.66,17.09
14/02/17,15.71,17.64,17.09
15/02/17,15.69,17.62,17.09
16/02/17,15.69,17.62,17.09
17/02/17,15.67,17.62,17.1
18/02/17,15.93,17.76,17.05
19/02/17,15.93,17.76,17.06
20/02/17,15.93,17.76,17.06
21/02/17,15.92,17.75,17.06
22/02/17,15.92,17.75,17.06
23/02/17,15.91,17.74,17.06
24/02/17,15.9,17.73,17.03
25/02/17,15.89,17.73,17.03
26/02/17,15.89,17.73,17.03
27/02/17,15.89,17.73,17.03
28/02/17,15.89,17.73,17.02
01/03/17,15.87,17.72,17.03
02/03/17,15.86,17.72,17.04
03/03/17,15.84,17.7,17.03
04/03/17,15.82,17.68,17
05/03/17,15.82,17.68,17
06/03/17,15.82,17.68,17
07/03/17,15.8,17.66,16.98
08/03/17,15.82,17.68,17.01
09/03/17,15.82,17.68,17.01
10/03/17,15.81,17.7,16.99
11/03/17,15.8,17.69,16.98
12/03/17,15.8,17.69,16.98
13/03/17,15.8,17.69,16.98
14/03/17,15.78,17.67,16.96
15/03/17,15.77,17.66,16.95
16/03/17,15.79,17.63,16.95
17/03/17,15.77,17.62,16.96
18/03/17,15.77,17.61,16.94
19/03/17,15.77,17.61,16.94
20/03/17,15.76,17.61,16.94
21/03/17,15.76,17.6,16.93
22/03/17,15.76,17.6,16.93
23/03/17,15.76,17.6,16.91
24/03/17,15.75,17.59,16.9
25/03/17,15.73,17.57,16.88
26/03/17,15.73,17.57,16.88
27/03/17,15.73,17.57,16.88
28/03/17,15.74,17.57,16.87
29/03/17,15.75,17.58,16.88
30/03/17,15.75,17.58,16.88
31/03/17,15.76,17.6,16.88
01/04/17,15.75,17.59,16.88
02/04/17,15.75,17.59,16.88
03/04/17,15.75,17.59,16.88
04/04/17,15.77,17.6,16.89
05/04/17,15.77,17.6,16.88
06/04/17,15.79,17.62,16.89
07/04/17,15.78,17.61,16.9
08/04/17,15.79,17.62,16.89
09/04/17,15.79,17.62,16.89
10/04/17,15.79,17.62,16.89
11/04/17,15.8,17.62,16.89
12/04/17,15.81,17.62,16.9
13/04/17,15.81,17.63,16.91
14/04/17,15.81,17.62,16.92
15/04/17,15.81,17.62,16.92
16/04/17,15.81,17.62,16.92
17/04/17,15.81,17.62,16.92
18/04/17,15.81,17.62,16.92
19/04/17,15.79,17.61,16.9
20/04/17,15.79,17.61,16.89
21/04/17,15.77,17.61,16.88
22/04/17,15.78,17.61,16.88
23/04/17,15.78,17.62,16.88
24/04/17,15.78,17.61,16.88
25/04/17,15.77,17.59,16.86
26/04/17,15.75,17.56,16.84
27/04/17,15.77,17.59,16.85
28/04/17,15.75,17.57,16.85
29/04/17,15.73,17.54,16.83
30/04/17,15.73,17.54,16.83
01/05/17,15.73,17.54,16.83
02/05/17,15.71,17.52,16.82
03/05/17,15.71,17.52,16.82
04/05/17,15.68,17.5,16.79
05/05/17,15.69,17.53,16.79
06/05/17,15.67,17.51,16.76
07/05/17,15.67,17.51,16.76
08/05/17,15.67,17.51,16.76
09/05/17,15.67,17.52,16.76
10/05/17,15.67,17.53,16.77
11/05/17,15.65,17.51,16.76
12/05/17,15.66,17.52,16.76
13/05/17,15.67,17.53,16.76
14/05/17,15.67,17.53,16.76
15/05/17,15.67,17.53,16.76
16/05/17,15.66,17.54,16.75
17/05/17,15.67,17.55,16.75
18/05/17,15.66,17.54,16.74
19/05/17,15.66,17.54,16.75
20/05/17,15.67,17.53,16.76
21/05/17,15.67,17.53,16.76
22/05/17,15.67,17.53,16.76
23/05/17,15.7,17.56,16.76
24/05/17,15.7,17.56,16.77
25/05/17,15.69,17.55,16.77
26/05/17,15.69,17.55,16.77
27/05/17,15.67,17.53,16.75
28/05/17,15.67,17.53,16.75
29/05/17,15.67,17.53,16.75
30/05/17,15.68,17.54,16.76
31/05/17,15.68,17.54,16.76
01/06/17,15.69,17.53,16.75
02/06/17,15.68,17.52,16.73
03/06/17,15.68,17.52,16.71
04/06/17,15.68,17.52,16.71
05/06/17,15.68,17.52,16.71
06/06/17,15.66,17.5,16.69
07/06/17,15.63,17.48,16.67
08/06/17,15.63,17.47,16.65
09/06/17,15.6,17.45,16.63
10/06/17,15.6,17.42,16.62
11/06/17,15.6,17.42,16.62
12/06/17,15.6,17.42,16.62
13/06/17,15.6,17.42,16.61
14/06/17,15.58,17.4,16.6
15/06/17,15.56,17.39,16.6
16/06/17,15.53,17.36,16.57
17/06/17,15.54,17.37,16.57
18/06/17,15.54,17.37,16.57
19/06/17,15.54,17.37,16.57
20/06/17,15.54,17.36,16.56
21/06/17,15.54,17.38,16.54
22/06/17,15.52,17.35,16.53
23/06/17,15.52,17.34,16.5
24/06/17,15.5,17.33,16.49
25/06/17,15.5,17.33,16.49
26/06/17,15.5,17.33,16.49
27/06/17,15.49,17.32,16.48
28/06/17,15.47,17.3,16.47
29/06/17,15.48,17.31,16.48
30/06/17,15.48,17.3,16.48
01/07/17,15.49,17.3,16.49
02/07/17,15.49,17.3,16.49
03/07/17,15.49,17.31,16.49
04/07/17,15.51,17.32,16.5
05/07/17,15.51,17.32,16.5
06/07/17,15.51,17.32,16.5
07/07/17,15.51,17.32,16.5
08/07/17,15.52,17.33,16.5
09/07/17,15.51,17.33,16.49
10/07/17,15.51,17.33,16.49
11/07/17,15.49,17.3,16.47
12/07/17,15.48,17.31,16.46
13/07/17,15.48,17.31,16.47
14/07/17,15.47,17.3,16.45
15/07/17,15.47,17.3,16.45
16/07/17,15.47,17.3,16.44
17/07/17,15.47,17.3,16.44
18/07/17,15.47,17.3,16.44
19/07/17,15.47,17.3,16.44
20/07/17,15.48,17.29,16.44
21/07/17,15.48,17.29,16.45
22/07/17,15.47,17.28,16.44
23/07/17,15.46,17.28,16.44
24/07/17,15.46,17.28,16.44
25/07/17,15.45,17.26,16.42
26/07/17,15.45,17.26,16.42
27/07/17,15.47,17.29,16.45
28/07/17,15.48,17.3,16.46
29/07/17,15.49,17.31,16.46
30/07/17,15.49,17.31,16.46
31/07/17,15.49,17.31,16.46
01/08/17,15.51,17.33,16.48
02/08/17,15.54,17.36,16.5
03/08/17,15.54,17.36,16.49
04/08/17,15.54,17.36,16.5
05/08/17,15.54,17.36,16.49
06/08/17,15.54,17.37,16.49
07/08/17,15.54,17.37,16.49
08/08/17,15.55,17.38,16.5
09/08/17,15.55,17.38,16.5
10/08/17,15.55,17.38,16.49
11/08/17,15.56,17.39,16.51
12/08/17,15.55,17.38,16.5
13/08/17,15.55,17.38,16.5
14/08/17,15.55,17.38,16.5
15/08/17,15.55,17.38,16.5
16/08/17,15.53,17.36,16.49
17/08/17,15.53,17.36,16.49
18/08/17,15.52,17.35,16.48
19/08/17,15.53,17.36,16.49
20/08/17,15.53,17.36,16.49
21/08/17,15.53,17.36,16.49
22/08/17,15.55,17.39,16.52
23/08/17,15.56,17.39,16.52
24/08/17,15.57,17.4,16.54
25/08/17,15.59,17.42,16.56
26/08/17,15.61,17.45,16.56
27/08/17,15.61,17.45,16.56
28/08/17,15.61,17.45,16.56
29/08/17,15.62,17.45,16.57
30/08/17,15.64,17.48,16.59
31/08/17,15.67,17.5,16.62
01/09/17,15.7,17.53,16.63
02/09/17,15.73,17.56,16.66
03/09/17,15.73,17.56,16.66
04/09/17,15.73,17.56,16.66
05/09/17,15.75,17.59,16.67
06/09/17,15.75,17.59,16.68
07/09/17,15.75,17.61,16.7
08/09/17,15.74,17.61,16.71
09/09/17,15.76,17.63,16.74
10/09/17,15.76,17.63,16.74
11/09/17,15.76,17.63,16.74
12/09/17,15.76,17.64,16.74
13/09/17,15.77,17.65,16.74
14/09/17,15.78,17.65,16.76
15/09/17,15.78,17.65,16.77
16/09/17,15.78,17.65,16.78
17/09/17,15.78,17.65,16.78
18/09/17,15.78,17.65,16.78
19/09/17,15.8,17.66,16.8
20/09/17,15.81,17.67,16.8
21/09/17,15.81,17.66,16.8
22/09/17,15.81,17.67,16.81
23/09/17,15.82,17.66,16.82
24/09/17,15.82,17.66,16.83
25/09/17,15.82,17.66,16.83
26/09/17,15.83,17.67,16.84
27/09/17,15.86,17.69,16.87
28/09/17,15.87,17.7,16.88
29/09/17,15.87,17.7,16.9
30/09/17,15.88,17.71,16.91
01/10/17,15.88,17.71,16.91
02/10/17,15.88,17.71,16.91
03/10/17,15.87,17.7,16.91
04/10/17,15.86,17.69,16.91
05/10/17,15.87,17.7,16.91
06/10/17,15.89,17.72,16.93
07/10/17,15.92,17.74,16.95
08/10/17,15.92,17.74,16.95
09/10/17,15.92,17.74,16.95
10/10/17,15.91,17.74,16.95
11/10/17,15.92,17.75,16.96
12/10/17,15.95,17.77,16.98
13/10/17,15.95,17.76,16.99
14/10/17,15.94,17.75,16.98
15/10/17,15.94,17.75,16.98
16/10/17,15.94,17.75,16.98
17/10/17,15.94,17.76,16.98
18/10/17,15.94,17.75,16.98
19/10/17,15.93,17.74,16.98
20/10/17,15.91,17.73,16.96
21/10/17,15.89,17.71,16.95
22/10/17,15.89,17.71,16.95
23/10/17,15.89,17.71,16.95
24/10/17,15.9,17.73,16.96
25/10/17,15.92,17.75,16.96
26/10/17,15.92,17.76,16.97
27/10/17,15.93,17.77,16.97
28/10/17,15.95,17.77,16.99
29/10/17,15.95,17.77,16.99
30/10/17,15.95,17.77,16.99
31/10/17,15.96,17.78,17.01
01/11/17,15.96,17.78,17.01
02/11/17,15.97,17.79,17.02
03/11/17,15.97,17.8,17.01
04/11/17,15.98,17.8,17.01
05/11/17,15.98,17.8,17.01
06/11/17,15.98,17.8,17.01
07/11/17,16,17.83,17.03
08/11/17,16.02,17.85,17.06
09/11/17,16.02,17.85,17.06
10/11/17,16.03,17.87,17.07
11/11/17,16.04,17.89,17.09
12/11/17,16.04,17.89,17.09
13/11/17,16.04,17.89,17.09
14/11/17,16.04,17.89,17.09
15/11/17,16.04,17.89,17.1
16/11/17,16.03,17.88,17.09
17/11/17,16.02,17.86,17.1
18/11/17,16.01,17.85,17.11
19/11/17,16.01,17.85,17.11
20/11/17,16.01,17.85,17.11
21/11/17,16.02,17.87,17.12
22/11/17,16.02,17.87,17.12
23/11/17,16.04,17.86,17.12
24/11/17,16.04,17.86,17.12
25/11/17,16.04,17.86,17.12
26/11/17,16.04,17.86,17.12
27/11/17,16.04,17.86,17.12
28/11/17,16.04,17.86,17.12
29/11/17,16.04,17.87,17.12
30/11/17,16.05,17.88,17.13
01/12/17,16.07,17.89,17.15
02/12/17,16.08,17.91,17.17
03/12/17,16.08,17.91,17.17
04/12/17,16.08,17.91,17.17
05/12/17,16.09,17.92,17.18
06/12/17,16.1,17.93,17.19
07/12/17,16.11,17.93,17.19
08/12/17,16.11,17.94,17.2
09/12/17,16.12,17.94,17.2
10/12/17,16.12,17.94,17.2
11/12/17,16.12,17.94,17.2
12/12/17,16.13,17.95,17.21
13/12/17,16.14,17.96,17.21
14/12/17,16.15,17.97,17.22
15/12/17,16.15,17.97,17.22
16/12/17,16.16,17.97,17.23
17/12/17,16.16,17.97,17.23
18/12/17,16.16,17.98,17.23
19/12/17,16.17,17.98,17.25
20/12/17,16.18,17.99,17.26
21/12/17,16.19,18,17.27
22/12/17,16.2,18.01,17.28
23/12/17,16.2,18.01,17.29
24/12/17,16.2,18.01,17.3
25/12/17,16.2,18.01,17.3
26/12/17,16.21,18.02,17.3
27/12/17,16.22,18.03,17.31
28/12/17,16.23,18.04,17.32
29/12/17,16.25,18.05,17.33
30/12/17,16.27,18.08,17.35
31/12/17,16.27,18.08,17.36
01/01/18,16.28,18.09,17.37
02/01/18,16.31,18.12,17.39
03/01/18,16.33,18.14,17.42
04/01/18,16.36,18.16,17.44
05/01/18,16.39,18.2,17.48
06/01/18,16.43,18.23,17.51
07/01/18,16.43,18.23,17.52
08/01/18,16.44,18.23,17.53
09/01/18,16.47,18.26,17.56
10/01/18,16.51,18.29,17.6
11/01/18,16.56,18.33,17.64
12/01/18,16.6,18.37,17.69
13/01/18,16.65,18.41,17.73
14/01/18,16.66,18.42,17.73
15/01/18,16.66,18.42,17.74
16/01/18,16.7,18.46,17.78
17/01/18,16.74,18.49,17.81
18/01/18,16.77,18.52,17.84
19/01/18,16.81,18.55,17.87
20/01/18,16.84,18.55,17.9
21/01/18,16.85,18.56,17.91
22/01/18,16.86,18.58,17.92
23/01/18,16.89,18.61,17.95
24/01/18,16.94,18.65,17.99
25/01/18,16.98,18.69,18.04
26/01/18,17.02,18.71,18.09
27/01/18,17.04,18.75,18.13
28/01/18,17.05,18.75,18.14
29/01/18,17.06,18.76,18.15
30/01/18,17.1,18.81,18.2
31/01/18,17.14,18.85,18.24
01/02/18,17.18,18.88,18.28
02/02/18,17.22,18.93,18.32
03/02/18,17.26,18.96,18.36
04/02/18,17.27,18.97,18.37
05/02/18,17.27,18.97,18.37
06/02/18,17.3,18.99,18.4
07/02/18,17.33,19,18.43
08/02/18,17.34,19,18.43
09/02/18,17.33,18.99,18.42
10/02/18,17.33,18.99,18.42
11/02/18,17.33,18.99,18.42
12/02/18,17.33,18.99,18.42
13/02/18,17.33,18.99,18.42
14/02/18,17.33,18.98,18.42
15/02/18,17.34,18.99,18.42
16/02/18,17.35,19,18.43
17/02/18,17.37,19.01,18.44
18/02/18,17.37,19.01,18.44
19/02/18,17.37,19.01,18.45
20/02/18,17.38,19.01,18.46
21/02/18,17.39,19.01,18.48
22/02/18,17.4,19.01,18.5
23/02/18,17.42,19.03,18.53
24/02/18,17.44,19.04,18.55
25/02/18,17.44,19.05,18.56
26/02/18,17.45,19.05,18.56
27/02/18,17.47,19.07,18.58
28/02/18,17.49,19.09,18.61
01/03/18,17.52,19.11,18.64
02/03/18,17.53,19.12,18.65
03/03/18,17.54,19.13,18.65
04/03/18,17.54,19.13,18.65
05/03/18,17.54,19.13,18.65
06/03/18,17.54,19.13,18.66
07/03/18,17.55,19.14,18.67
08/03/18,17.55,19.14,18.67
09/03/18,17.55,19.13,18.67
10/03/18,17.55,19.14,18.67
11/03/18,17.55,19.14,18.67
12/03/18,17.55,19.14,18.67
13/03/18,17.56,19.14,18.67
14/03/18,17.56,19.14,18.67
15/03/18,17.56,19.14,18.67
16/03/18,17.57,19.14,18.68
17/03/18,17.57,19.15,18.69
18/03/18,17.58,19.15,18.69
19/03/18,17.58,19.15,18.69
20/03/18,17.58,19.16,18.69
21/03/18,17.59,19.17,18.7
22/03/18,17.6,19.17,18.71
23/03/18,17.61,19.18,18.72
24/03/18,17.62,19.19,18.73
25/03/18,17.62,19.19,18.73
26/03/18,17.63,19.19,18.73
27/03/18,17.64,19.2,18.74
28/03/18,17.64,19.21,18.74
29/03/18,17.64,19.21,18.75
30/03/18,17.64,19.21,18.75
31/03/18,17.65,19.21,18.75
01/04/18,17.65,19.21,18.75
02/04/18,17.65,19.21,18.75
03/04/18,17.65,19.21,18.75
04/04/18,17.65,19.21,18.75
05/04/18,17.65,19.21,18.75
06/04/18,17.65,19.21,18.75
07/04/18,17.65,19.21,18.75
08/04/18,17.65,19.21,18.75
09/04/18,17.65,19.21,18.76
10/04/18,17.65,19.21,18.76
11/04/18,17.66,19.21,18.76
12/04/18,17.66,19.22,18.77
13/04/18,17.67,19.22,18.77
14/04/18,17.67,19.22,18.77
15/04/18,17.67,19.22,18.77
16/04/18,17.67,19.23,18.78
17/04/18,17.68,19.23,18.78
18/04/18,17.68,19.23,18.78
19/04/18,17.68,19.23,18.78
20/04/18,17.68,19.23,18.79
21/04/18,17.69,19.24,18.79
22/04/18,17.69,19.24,18.79
23/04/18,17.69,19.24,18.79
24/04/18,17.7,19.24,18.8
25/04/18,17.71,19.25,18.81
26/04/18,17.73,19.27,18.82
27/04/18,17.73,19.27,18.83
28/04/18,17.74,19.28,18.83
29/04/18,17.77,19.3,18.84
30/04/18,17.77,19.29,18.84
01/05/18,17.78,19.3,18.84
02/05/18,17.79,19.31,18.85
03/05/18,17.8,19.32,18.86
04/05/18,17.81,19.32,18.87
05/05/18,17.82,19.33,18.87
06/05/18,17.82,19.33,18.87
07/05/18,17.82,19.33,18.87
08/05/18,17.83,19.34,18.88
09/05/18,17.84,19.34,18.89
10/05/18,17.85,19.35,18.9
11/05/18,17.85,19.36,18.91
12/05/18,17.86,19.37,18.91
13/05/18,17.86,19.37,18.91
14/05/18,17.86,19.37,18.92
15/05/18,17.87,19.38,18.92
16/05/18,17.88,19.39,18.93
17/05/18,17.89,19.4,18.94
18/05/18,17.9,19.41,18.95
19/05/18,17.91,19.42,18.96
20/05/18,17.92,19.42,18.96
21/05/18,17.92,19.42,18.96
22/05/18,17.93,19.43,18.97
23/05/18,17.94,19.44,18.98
24/05/18,17.95,19.45,18.99
25/05/18,17.96,19.46,19
26/05/18,17.97,19.47,19.01
27/05/18,17.97,19.47,19.01
28/05/18,17.98,19.47,19.02
29/05/18,17.99,19.48,19.03
30/05/18,17.99,19.49,19.03
31/05/18,18,19.5,19.04
01/06/18,18.01,19.5,19.05
02/06/18,18,19.5,19.06
03/06/18,18,19.5,19.06
04/06/18,18,19.5,19.07
05/06/18,18.01,19.51,19.08
06/06/18,18.01,19.54,19.09
07/06/18,18.01,19.55,19.1
08/06/18,18.03,19.56,19.11
09/06/18,18.04,19.58,19.12
10/06/18,18.04,19.58,19.13
11/06/18,18.05,19.58,19.13
12/06/18,18.06,19.58,19.14
13/06/18,18.07,19.59,19.15
14/06/18,18.08,19.6,19.16
15/06/18,18.09,19.61,19.17
16/06/18,18.1,19.62,19.19
17/06/18,18.11,19.62,19.19
18/06/18,18.11,19.63,19.19
19/06/18,18.12,19.64,19.2
20/06/18,18.13,19.65,19.21
21/06/18,18.14,19.66,19.23
22/06/18,18.15,19.67,19.23
23/06/18,18.17,19.68,19.25
24/06/18,18.17,19.68,19.25
25/06/18,18.17,19.69,19.25
26/06/18,18.18,19.7,19.26
27/06/18,18.19,19.71,19.27
28/06/18,18.2,19.72,19.28
29/06/18,18.21,19.73,19.29
30/06/18,18.22,19.74,19.3
01/07/18,18.22,19.74,19.3
02/07/18,18.23,19.74,19.31
03/07/18,18.24,19.76,19.32
04/07/18,18.26,19.77,19.34
05/07/18,18.28,19.79,19.36
06/07/18,18.3,19.81,19.38
07/07/18,18.32,19.83,19.39
08/07/18,18.32,19.83,19.4
09/07/18,18.33,19.84,19.41
10/07/18,18.35,19.86,19.43
11/07/18,18.37,19.88,19.44
12/07/18,18.38,19.9,19.47
13/07/18,18.41,19.92,19.49
14/07/18,18.42,19.94,19.5
15/07/18,18.43,19.94,19.51
16/07/18,18.44,19.95,19.52
17/07/18,18.47,19.99,19.56
18/07/18,18.49,20,19.57
19/07/18,18.51,20.02,19.59
20/07/18,18.53,20.04,19.61
21/07/18,18.55,20.06,19.63
22/07/18,18.55,20.06,19.63
23/07/18,18.55,20.07,19.63
24/07/18,18.57,20.09,19.65
25/07/18,18.59,20.11,19.67
26/07/18,18.61,20.12,19.69
27/07/18,18.63,20.14,19.71
28/07/18,18.65,20.17,19.73
29/07/18,18.65,20.17,19.74
30/07/18,18.67,20.18,19.75
31/07/18,18.71,20.22,19.79
01/08/18,18.73,20.25,19.81
02/08/18,18.76,20.27,19.84
03/08/18,18.78,20.3,19.87
04/08/18,18.81,20.32,19.89
05/08/18,18.82,20.33,19.9
06/08/18,18.83,20.34,19.91
07/08/18,18.87,20.38,19.96
08/08/18,18.9,20.41,19.98
09/08/18,18.93,20.44,20
10/08/18,18.94,20.45,20.01
11/08/18,18.95,20.45,20.02
12/08/18,18.95,20.46,20.03
13/08/18,18.96,20.46,20.03
14/08/18,18.97,20.47,20.04
15/08/18,18.99,20.49,20.06
16/08/18,19,20.51,20.08
17/08/18,19.01,20.51,20.08
18/08/18,19.02,20.52,20.09
19/08/18,19.02,20.52,20.09
20/08/18,19.02,20.52,20.09
21/08/18,19.03,20.53,20.1
22/08/18,19.04,20.53,20.11
23/08/18,19.05,20.54,20.12
24/08/18,19.07,20.55,20.13
25/08/18,19.07,20.56,20.14
26/08/18,19.07,20.56,20.14
27/08/18,19.08,20.56,20.15
28/08/18,19.09,20.57,20.16
29/08/18,19.1,20.58,20.17
30/08/18,19.11,20.59,20.18
31/08/18,19.13,20.6,20.2
01/09/18,19.15,20.61,20.21
02/09/18,19.15,20.61,20.22
03/09/18,19.15,20.62,20.22
04/09/18,19.16,20.63,20.23
05/09/18,19.17,20.63,20.24
06/09/18,19.18,20.64,20.26
07/09/18,19.19,20.65,20.27
08/09/18,19.19,20.65,20.28
09/09/18,19.19,20.65,20.28
10/09/18,19.19,20.66,20.29
11/09/18,19.2,20.66,20.29
12/09/18,19.21,20.67,20.3
13/09/18,19.22,20.69,20.32
14/09/18,19.23,20.7,20.33
15/09/18,19.24,20.71,20.33
16/09/18,19.24,20.71,20.34
17/09/18,19.24,20.71,20.34
18/09/18,19.24,20.72,20.34
19/09/18,19.24,20.72,20.34
20/09/18,19.25,20.72,20.35
21/09/18,19.25,20.73,20.35
22/09/18,19.26,20.74,20.36
23/09/18,19.26,20.74,20.36
24/09/18,19.26,20.74,20.36
25/09/18,19.27,20.75,20.37
26/09/18,19.28,20.76,20.38
27/09/18,19.3,20.78,20.4
28/09/18,19.31,20.79,20.41
29/09/18,19.32,20.81,20.43
30/09/18,19.32,20.81,20.43
01/10/18,19.33,20.82,20.44
02/10/18,19.34,20.83,20.45
03/10/18,19.35,20.85,20.47
04/10/18,19.37,20.87,20.49
05/10/18,19.39,20.88,20.51
06/10/18,19.41,20.9,20.53
07/10/18,19.41,20.9,20.53
08/10/18,19.41,20.91,20.53
09/10/18,19.43,20.92,20.55
10/10/18,19.43,20.94,20.57
11/10/18,19.44,20.95,20.59
12/10/18,19.45,20.96,20.61
13/10/18,19.45,20.96,20.62
14/10/18,19.45,20.96,20.62
15/10/18,19.45,20.97,20.62
16/10/18,19.45,20.97,20.63
17/10/18,19.45,20.97,20.63
18/10/18,19.45,20.97,20.64
19/10/18,19.45,20.97,20.65
20/10/18,19.45,20.97,20.65
21/10/18,19.45,20.97,20.66
22/10/18,19.45,20.97,20.66
23/10/18,19.45,20.97,20.67
24/10/18,19.46,20.97,20.68
25/10/18,19.46,20.98,20.69
26/10/18,19.45,20.98,20.69
27/10/18,19.45,20.97,20.7
28/10/18,19.45,20.97,20.7
29/10/18,19.45,20.97,20.71
30/10/18,19.45,20.97,20.72
31/10/18,19.45,20.97,20.73
01/11/18,19.45,20.98,20.75
02/11/18,19.46,20.98,20.76
03/11/18,19.46,20.98,20.76
04/11/18,19.46,20.98,20.76
05/11/18,19.45,20.98,20.77
06/11/18,19.45,20.98,20.77
07/11/18,19.45,20.97,20.77
08/11/18,19.45,20.97,20.78
09/11/18,19.45,20.97,20.78
10/11/18,19.45,20.97,20.78
11/11/18,19.45,20.97,20.79
12/11/18,19.44,20.97,20.79
13/11/18,19.44,20.96,20.79
14/11/18,19.43,20.96,20.8
15/11/18,19.43,20.96,20.8
16/11/18,19.4,20.94,20.79
17/11/18,19.4,20.93,20.79
18/11/18,19.4,20.93,20.79
19/11/18,19.39,20.93,20.79
20/11/18,19.4,20.94,20.79
21/11/18,19.38,20.94,20.79
22/11/18,19.37,20.93,20.79
23/11/18,19.36,20.92,20.79
24/11/18,19.35,20.91,20.79
25/11/18,19.35,20.91,20.79
26/11/18,19.35,20.91,20.79
27/11/18,19.34,20.9,20.79
28/11/18,19.33,20.89,20.78
29/11/18,19.32,20.88,20.78
30/11/18,19.31,20.87,20.77
01/12/18,19.29,20.86,20.77
02/12/18,19.28,20.85,20.76
03/12/18,19.27,20.84,20.75
04/12/18,19.25,20.82,20.74
05/12/18,19.24,20.81,20.73
06/12/18,19.23,20.8,20.72
07/12/18,19.22,20.78,20.71
08/12/18,19.2,20.76,20.71
09/12/18,19.19,20.76,20.7
10/12/18,19.19,20.75,20.7
11/12/18,19.17,20.73,20.69
12/12/18,19.15,20.71,20.68
13/12/18,19.13,20.7,20.67
14/12/18,19.12,20.67,20.67
15/12/18,19.11,20.66,20.66
16/12/18,19.1,20.66,20.66
17/12/18,19.1,20.65,20.66
18/12/18,19.09,20.64,20.66
19/12/18,19.08,20.62,20.65
20/12/18,19.06,20.6,20.64
21/12/18,19.04,20.57,20.63
22/12/18,19.02,20.55,20.62
23/12/18,19.02,20.54,20.62
24/12/18,19.01,20.53,20.61
25/12/18,18.99,20.52,20.61
26/12/18,18.98,20.51,20.6
27/12/18,18.96,20.48,20.59
28/12/18,18.94,20.46,20.58
29/12/18,18.93,20.45,20.58
30/12/18,18.93,20.44,20.57
31/12/18,18.92,20.44,20.57
01/01/19,18.87,20.38,20.52
02/01/19,18.85,20.36,20.5
03/01/19,18.83,20.34,20.49
04/01/19,18.82,20.32,20.49
05/01/19,18.8,20.31,20.48
06/01/19,18.8,20.3,20.47
07/01/19,18.79,20.3,20.47
08/01/19,18.79,20.27,20.47
09/01/19,18.79,20.26,20.46
10/01/19,18.78,20.25,20.46
11/01/19,18.78,20.24,20.47
12/01/19,18.78,20.22,20.48
13/01/19,18.79,20.22,20.48
14/01/19,18.79,20.21,20.48
15/01/19,18.79,20.21,20.49
16/01/19,18.79,20.2,20.5
17/01/19,18.79,20.18,20.51
18/01/19,18.79,20.17,20.52
19/01/19,18.79,20.15,20.54
20/01/19,18.79,20.14,20.55
21/01/19,18.8,20.14,20.56
22/01/19,18.83,20.14,20.61
23/01/19,18.85,20.14,20.66
24/01/19,18.86,20.14,20.69
25/01/19,18.87,20.13,20.73
26/01/19,18.86,20.12,20.76
27/01/19,18.86,20.11,20.77
28/01/19,18.86,20.1,20.79
29/01/19,18.85,20.07,20.85
30/01/19,18.84,20.05,20.9
31/01/19,18.83,20.03,20.94
01/02/19,18.82,20.02,20.95
02/02/19,18.82,20.01,20.98
03/02/19,18.83,20.01,20.98
04/02/19,18.82,20,20.99
05/02/19,18.84,20,21.03
06/02/19,18.89,20.02,21.13
07/02/19,18.93,20.02,21.19
08/02/19,18.96,20.04,21.22
09/02/19,18.99,20.06,21.24
10/02/19,18.99,20.06,21.25
11/02/19,19,20.05,21.25
12/02/19,19.01,20.05,21.25
13/02/19,19.02,20.06,21.26
14/02/19,19.03,20.06,21.29
15/02/19,19.11,20.08,21.39
16/02/19,19.23,20.13,21.48
17/02/19,19.25,20.15,21.5
18/02/19,19.29,20.16,21.53
19/02/19,19.49,20.31,21.68
20/02/19,19.62,20.41,21.78
21/02/19,19.64,20.41,21.81
22/02/19,19.67,20.42,21.82
23/02/19,19.73,20.46,21.81
24/02/19,19.74,20.46,21.81
25/02/19,19.75,20.47,21.81
26/02/19,19.77,20.47,21.78
27/02/19,19.73,20.43,21.74
28/02/19,19.69,20.39,21.71
01/03/19,19.75,20.43,21.74
02/03/19,19.8,20.48,21.75
03/03/19,19.81,20.48,21.75
04/03/19,19.81,20.49,21.75
05/03/19,19.82,20.49,21.73
06/03/19,19.83,20.49,21.72
07/03/19,19.83,20.54,21.71
08/03/19,19.85,20.68,21.72
09/03/19,19.87,20.83,21.72
10/03/19,19.87,20.87,21.72
11/03/19,19.88,20.9,21.72
12/03/19,19.88,20.96,21.67
13/03/19,19.83,20.93,21.58
14/03/19,19.8,20.91,21.55
15/03/19,19.79,20.92,21.53
16/03/19,19.75,20.94,21.49
17/03/19,19.74,20.94,21.48
18/03/19,19.74,20.94,21.48
19/03/19,19.73,20.95,21.45
20/03/19,19.7,20.95,21.41
21/03/19,19.67,20.97,21.37
22/03/19,19.66,20.97,21.34
23/03/19,19.64,20.98,21.35
24/03/19,19.63,20.98,21.36
25/03/19,19.62,20.99,21.35
26/03/19,19.62,21,21.34
27/03/19,19.62,21,21.33
28/03/19,19.61,21.01,21.32
29/03/19,19.61,21.01,21.32
30/03/19,19.6,21,21.33
31/03/19,19.6,20.99,21.34
01/04/19,19.6,20.99,21.34
02/04/19,19.59,20.98,21.35
03/04/19,19.59,20.95,21.36
04/04/19,19.58,20.92,21.36
05/04/19,19.58,20.91,21.36
06/04/19,19.57,20.91,21.36
07/04/19,19.56,20.91,21.36
08/04/19,19.56,20.9,21.36
09/04/19,19.55,20.91,21.35
10/04/19,19.54,20.92,21.35
11/04/19,19.53,20.93,21.35
12/04/19,19.53,20.95,21.35
13/04/19,19.52,20.96,21.34
14/04/19,19.51,20.95,21.34
15/04/19,19.51,20.95,21.34
16/04/19,19.51,20.95,21.33
17/04/19,19.5,20.95,21.32
18/04/19,19.5,20.95,21.32
19/04/19,19.49,20.94,21.32
20/04/19,19.49,20.94,21.32
21/04/19,19.49,20.94,21.32
22/04/19,19.49,20.94,21.31
23/04/19,19.49,20.94,21.31
24/04/19,19.49,20.94,21.31
25/04/19,19.48,20.95,21.31
26/04/19,19.48,20.95,21.32
27/04/19,19.48,20.95,21.31
28/04/19,19.48,20.95,21.31
29/04/19,19.48,20.95,21.31
30/04/19,19.47,20.96,21.31
01/05/19,19.47,20.95,21.31
02/05/19,19.47,20.96,21.31
03/05/19,19.46,20.96,21.31
04/05/19,19.46,20.96,21.3
05/05/19,19.46,20.96,21.3
06/05/19,19.45,20.96,21.3
07/05/19,19.45,20.96,21.29
08/05/19,19.46,20.96,21.27
09/05/19,19.46,20.96,21.26
10/05/19,19.45,20.96,21.25
11/05/19,19.46,20.96,21.25
12/05/19,19.45,20.96,21.25
13/05/19,19.43,20.96,21.25
14/05/19,19.43,20.94,21.24
15/05/19,19.43,20.94,21.24
16/05/19,19.44,20.94,21.23
17/05/19,19.44,20.94,21.22
18/05/19,19.44,20.94,21.23
19/05/19,19.43,20.94,21.22
20/05/19,19.43,20.94,21.23
21/05/19,19.44,20.94,21.24
22/05/19,19.44,20.95,21.25
23/05/19,19.44,20.95,21.25
24/05/19,19.44,20.94,21.26
25/05/19,19.43,20.94,21.24
26/05/19,19.43,20.94,21.24
27/05/19,19.43,20.93,21.23
28/05/19,19.42,20.93,21.2
29/05/19,19.42,20.93,21.18
30/05/19,19.43,20.93,21.15
31/05/19,19.42,20.93,21.12
01/06/19,19.42,20.92,21.11
02/06/19,19.42,20.93,21.11
03/06/19,19.43,20.94,21.1
04/06/19,19.42,20.94,21.09
05/06/19,19.41,20.94,21.06
06/06/19,19.36,20.94,21.03
07/06/19,19.32,20.95,21
08/06/19,19.33,20.95,21.02
09/06/19,19.34,20.95,21.03
10/06/19,19.34,20.95,21.03
11/06/19,19.33,20.95,21.03
12/06/19,19.29,20.95,21.01
13/06/19,19.27,20.96,20.98
14/06/19,19.24,20.95,20.96
15/06/19,19.23,20.95,20.96
16/06/19,19.25,20.95,20.98
17/06/19,19.26,20.95,20.99
18/06/19,19.28,20.95,21
19/06/19,19.28,20.96,21
20/06/19,19.27,20.96,21
21/06/19,19.27,20.96,20.99
22/06/19,19.28,20.96,21.02
23/06/19,19.29,20.96,21.02
24/06/19,19.3,20.96,21.03
25/06/19,19.33,20.96,21.06
26/06/19,19.35,20.96,21.1
27/06/19,19.38,20.96,21.12
28/06/19,19.39,20.97,21.13
29/06/19,19.4,20.96,21.14
30/06/19,19.4,20.96,21.14
01/07/19,19.4,20.96,21.15
02/07/19,19.4,20.96,21.15
03/07/19,19.4,20.96,21.15
04/07/19,19.41,20.96,21.16
05/07/19,19.4,20.96,21.16
06/07/19,19.4,20.96,21.16
07/07/19,19.41,20.96,21.16
08/07/19,19.41,20.96,21.16
09/07/19,19.41,20.96,21.16
10/07/19,19.4,20.96,21.15
11/07/19,19.4,20.96,21.11
12/07/19,19.41,20.97,21.09
13/07/19,19.41,20.98,21.1
14/07/19,19.41,21,21.11
15/07/19,19.41,21,21.11
16/07/19,19.41,21,21.13
17/07/19,19.41,21,21.15
18/07/19,19.41,20.98,21.15
19/07/19,19.41,20.97,21.15
20/07/19,19.41,20.97,21.15
21/07/19,19.41,20.97,21.15
22/07/19,19.4,20.96,21.14
23/07/19,19.4,20.96,21.13
24/07/19,19.4,20.95,21.11
25/07/19,19.38,20.94,21.09
26/07/19,19.39,20.95,21.08
27/07/19,19.38,20.96,21.08
28/07/19,19.39,20.96,21.08
29/07/19,19.39,20.96,21.07
30/07/19,19.36,20.96,21.09
31/07/19,19.32,20.96,21.09
01/08/19,19.3,20.96,21.11
02/08/19,19.3,20.96,21.12
03/08/19,19.32,20.95,21.12
04/08/19,19.32,20.95,21.12
05/08/19,19.34,20.95,21.12
06/08/19,19.35,20.95,21.12
07/08/19,19.35,20.95,21.11
08/08/19,19.34,20.95,21.1
09/08/19,19.33,20.96,21.09
10/08/19,19.31,20.95,21.08
11/08/19,19.31,20.95,21.08
12/08/19,19.3,20.95,21.07
13/08/19,19.27,20.95,21.05
14/08/19,19.23,20.95,21.04
15/08/19,19.2,20.95,21.03
16/08/19,19.18,20.94,21.02
17/08/19,19.2,20.95,21.04
18/08/19,19.21,20.94,21.05
19/08/19,19.22,20.94,21.06
20/08/19,19.23,20.93,21.08
21/08/19,19.23,20.94,21.09
22/08/19,19.24,20.93,21.11
23/08/19,19.25,20.93,21.12
24/08/19,19.27,20.93,21.13
25/08/19,19.28,20.92,21.13
26/08/19,19.29,20.91,21.13
27/08/19,19.3,20.94,21.14
28/08/19,19.32,20.94,21.15
29/08/19,19.33,20.94,21.15
30/08/19,19.35,20.95,21.15
31/08/19,19.35,20.95,21.15
01/09/19,19.35,20.95,21.15
02/09/19,19.35,20.96,21.15
03/09/19,19.36,20.96,21.15
04/09/19,19.37,20.95,21.16
05/09/19,19.37,20.96,21.16
06/09/19,19.38,20.96,21.16
07/09/19,19.39,20.96,21.16
08/09/19,19.39,20.96,21.16
09/09/19,19.39,20.96,21.16
10/09/19,19.39,20.94,21.17
11/09/19,19.39,20.95,21.17
12/09/19,19.39,20.95,21.17
13/09/19,19.38,20.94,21.16
14/09/19,19.38,20.94,21.16
15/09/19,19.38,20.95,21.16
16/09/19,19.37,20.94,21.15
17/09/19,19.36,20.94,21.15
18/09/19,19.35,20.94,21.14
19/09/19,19.35,20.93,21.13
20/09/19,19.35,20.93,21.13
21/09/19,19.35,20.93,21.12
22/09/19,19.35,20.92,21.12
23/09/19,19.35,20.91,21.12
24/09/19,19.36,20.92,21.13
25/09/19,19.37,20.93,21.15
26/09/19,19.37,20.93,21.16
27/09/19,19.37,20.94,21.16
28/09/19,19.37,20.95,21.16
29/09/19,19.37,20.97,21.16
30/09/19,19.37,20.97,21.16
01/10/19,19.37,20.96,21.16
02/10/19,19.36,20.96,21.14
03/10/19,19.34,20.95,21.13
04/10/19,19.32,20.95,21.11
05/10/19,19.32,20.95,21.11
06/10/19,19.33,20.95,21.11
07/10/19,19.33,20.94,21.1
08/10/19,19.31,20.94,21.09
09/10/19,19.29,20.93,21.08
10/10/19,19.28,20.91,21.07
11/10/19,19.27,20.91,21.06
12/10/19,19.28,20.89,21.07
13/10/19,19.28,20.9,21.08
14/10/19,19.29,20.9,21.08
15/10/19,19.31,20.91,21.09
16/10/19,19.33,20.91,21.09
17/10/19,19.33,20.91,21.09
18/10/19,19.33,20.91,21.08
19/10/19,19.33,20.9,21.08
20/10/19,19.33,20.9,21.08
21/10/19,19.33,20.9,21.08
22/10/19,19.34,20.89,21.07
23/10/19,19.37,20.88,21.07
24/10/19,19.37,20.87,21.06
25/10/19,19.37,20.86,21.05
26/10/19,19.36,20.84,21.06
27/10/19,19.36,20.84,21.06
28/10/19,19.35,20.82,21.06
29/10/19,19.34,20.79,21.07
30/10/19,19.33,20.78,21.07
31/10/19,19.32,20.77,21.06
01/11/19,19.3,20.75,21.06
02/11/19,19.3,20.74,21.06
03/11/19,19.3,20.73,21.06
04/11/19,19.3,20.72,21.06
05/11/19,19.31,20.73,21.05
06/11/19,19.31,20.73,21.04
07/11/19,19.32,20.73,21.03
08/11/19,19.32,20.73,21.03
09/11/19,19.32,20.73,21.03
10/11/19,19.31,20.72,21.03
11/11/19,19.31,20.72,21.03
12/11/19,19.31,20.72,21.04
13/11/19,19.31,20.72,21.05
14/11/19,19.29,20.71,21.05
15/11/19,19.29,20.7,21.05
16/11/19,19.29,20.7,21.05
17/11/19,19.29,20.7,21.05
18/11/19,19.29,20.7,21.05
19/11/19,19.29,20.71,21.06
20/11/19,19.29,20.71,21.06
21/11/19,19.29,20.7,21.07
22/11/19,19.29,20.7,21.07
23/11/19,19.3,20.7,21.08
24/11/19,19.3,20.7,21.08
25/11/19,19.32,20.71,21.09
26/11/19,19.35,20.75,21.11
27/11/19,19.38,20.78,21.12
28/11/19,19.42,20.8,21.15
29/11/19,19.46,20.83,21.17
30/11/19,19.47,20.84,21.18
01/12/19,19.47,20.84,21.19
02/12/19,19.46,20.84,21.19
03/12/19,19.46,20.85,21.21
04/12/19,19.47,20.85,21.21
05/12/19,19.47,20.85,21.21
06/12/19,19.47,20.84,21.22
07/12/19,19.45,20.83,21.22
08/12/19,19.45,20.82,21.21
09/12/19,19.45,20.82,21.21
10/12/19,19.43,20.79,21.2
11/12/19,19.41,20.78,21.19
12/12/19,19.4,20.75,21.19
13/12/19,19.39,20.73,21.18
14/12/19,19.39,20.72,21.18
15/12/19,19.39,20.72,21.19
16/12/19,19.39,20.72,21.19
17/12/19,19.4,20.72,21.19
18/12/19,19.4,20.71,21.18
19/12/19,19.4,20.71,21.19
20/12/19,19.4,20.7,21.19
21/12/19,19.41,20.71,21.19
22/12/19,19.41,20.71,21.19
23/12/19,19.41,20.71,21.19
24/12/19,19.43,20.73,21.21
25/12/19,19.45,20.75,21.23
26/12/19,19.47,20.77,21.24
27/12/19,19.5,20.79,21.27
28/12/19,19.51,20.82,21.28
29/12/19,19.51,20.82,21.28
30/12/19,19.51,20.82,21.28
31/12/19,19.52,20.86,21.29
01/01/20,19.52,20.87,21.29
02/01/20,19.53,20.87,21.29
03/01/20,19.53,20.87,21.3
04/01/20,19.54,20.87,21.29
05/01/20,19.54,20.86,21.29
06/01/20,19.54,20.86,21.29
07/01/20,19.53,20.87,21.29
08/01/20,19.53,20.87,21.29
09/01/20,19.52,20.87,21.28
10/01/20,19.51,20.87,21.27
11/01/20,19.5,20.87,21.27
12/01/20,19.5,20.87,21.28
13/01/20,19.51,20.88,21.27
14/01/20,19.51,20.87,21.27
15/01/20,19.5,20.86,21.25
16/01/20,19.49,20.86,21.24
17/01/20,19.47,20.84,21.22
18/01/20,19.49,20.83,21.26
19/01/20,19.5,20.83,21.28
20/01/20,19.51,20.83,21.29
21/01/20,19.53,20.82,21.31
22/01/20,19.53,20.82,21.3
23/01/20,19.53,20.81,21.3
24/01/20,19.53,20.8,21.29
25/01/20,19.54,20.79,21.29
26/01/20,19.54,20.78,21.29
27/01/20,19.54,20.76,21.29
28/01/20,19.54,20.75,21.29
29/01/20,19.53,20.73,21.27
30/01/20,19.51,20.7,21.25
31/01/20,19.48,20.66,21.24
01/02/20,19.45,20.63,21.19
02/02/20,19.44,20.61,21.18
03/02/20,19.43,20.6,21.17
04/02/20,19.42,20.58,21.15
05/02/20,19.39,20.55,21.12
06/02/20,19.34,20.48,21.05
07/02/20,19.29,20.42,21.02
08/02/20,19.29,20.42,21.02
09/02/20,19.28,20.42,21.02
10/02/20,19.28,20.4,21.01
11/02/20,19.29,20.41,21
12/02/20,19.29,20.41,20.99
13/02/20,19.29,20.4,20.97
14/02/20,19.31,20.43,20.98
15/02/20,19.35,20.44,20.98
16/02/20,19.35,20.44,20.99
17/02/20,19.36,20.45,20.99
18/02/20,19.36,20.45,20.98
19/02/20,19.37,20.45,20.98
20/02/20,19.4,20.47,20.98
21/02/20,19.47,20.52,20.99
22/02/20,19.51,20.58,21
23/02/20,19.52,20.59,21
24/02/20,19.54,20.61,21
25/02/20,19.55,20.63,21.01
26/02/20,19.56,20.63,21
27/02/20,19.57,20.61,20.98
28/02/20,19.54,20.56,20.94
29/02/20,19.5,20.51,20.9
01/03/20,19.49,20.5,20.89
02/03/20,19.48,20.49,20.88
03/03/20,19.45,20.46,20.87
04/03/20,19.44,20.45,20.87
05/03/20,19.43,20.44,20.87
06/03/20,19.43,20.43,20.86
07/03/20,19.43,20.44,20.85
08/03/20,19.43,20.43,20.84
09/03/20,19.42,20.42,20.84
10/03/20,19.37,20.37,20.8
11/03/20,19.21,20.23,20.68
12/03/20,19.05,20.1,20.58
13/03/20,18.87,20,20.5
14/03/20,18.59,19.78,20.4
15/03/20,18.52,19.72,20.36
16/03/20,18.45,19.66,20.33
17/03/20,18.29,19.55,20.25
18/03/20,18.05,19.31,20.11
19/03/20,17.72,19.02,19.96
20/03/20,17.24,18.58,19.76
21/03/20,16.95,18.33,19.65
22/03/20,16.88,18.27,19.61
23/03/20,16.75,18.15,19.56
24/03/20,16.45,17.86,19.52
25/03/20,16.07,17.49,19.46
26/03/20,15.81,17.26,19.45
27/03/20,15.66,17.13,19.44
28/03/20,15.48,16.96,19.37
29/03/20,15.44,16.93,19.36
30/03/20,15.34,16.85,19.32
31/03/20,15.24,16.74,19.28
01/04/20,15.22,16.72,19.27
02/04/20,15.15,16.66,19.25
03/04/20,15.09,16.59,19.2
04/04/20,15.11,16.59,19.2
05/04/20,15.12,16.59,19.2
06/04/20,15.13,16.58,19.2
07/04/20,15.18,16.61,19.25
08/04/20,15.19,16.6,19.26
09/04/20,15.15,16.56,19.23
10/04/20,15.14,16.54,19.21
11/04/20,15.14,16.54,19.21
12/04/20,15.14,16.53,19.2
13/04/20,15.13,16.52,19.19
14/04/20,15.12,16.5,19.18
15/04/20,15.13,16.48,19.16
16/04/20,15.14,16.48,19.11
17/04/20,15.15,16.47,19.08
18/04/20,15.15,16.44,19.06
19/04/20,15.15,16.43,19.05
20/04/20,15.14,16.42,19.04
21/04/20,15.13,16.4,19.03
22/04/20,15.11,16.37,18.98
23/04/20,15.03,16.28,18.86
24/04/20,15.01,16.25,18.77
25/04/20,15,16.23,18.73
26/04/20,15,16.22,18.71
27/04/20,14.99,16.21,18.68
28/04/20,14.98,16.2,18.59
29/04/20,14.97,16.17,18.47
30/04/20,14.97,16.16,18.4
01/05/20,15.01,16.18,18.38
02/05/20,15.06,16.21,18.39
03/05/20,15.06,16.21,18.38
04/05/20,15.08,16.22,18.37
05/05/20,15.14,16.25,18.37
06/05/20,15.33,16.39,18.39
07/05/20,15.6,16.59,18.45
08/05/20,15.77,16.7,18.46
09/05/20,15.95,16.83,18.45
10/05/20,15.99,16.86,18.46
11/05/20,16.06,16.9,18.46
12/05/20,16.19,17,18.49
13/05/20,16.27,17.05,18.5
14/05/20,16.3,17.07,18.49
15/05/20,16.3,17.07,18.48
16/05/20,16.38,17.13,18.52
17/05/20,16.39,17.15,18.52
18/05/20,16.42,17.17,18.53
19/05/20,16.53,17.25,18.58
20/05/20,16.68,17.38,18.68
21/05/20,16.81,17.48,18.73
22/05/20,16.89,17.54,18.74
23/05/20,16.92,17.57,18.75
24/05/20,16.93,17.57,18.76
25/05/20,16.95,17.58,18.76
26/05/20,16.97,17.59,18.76
27/05/20,16.98,17.6,18.76
28/05/20,16.98,17.6,18.76
29/05/20,16.98,17.59,18.75
30/05/20,16.97,17.59,18.73
31/05/20,16.97,17.59,18.73
01/06/20,16.98,17.59,18.73
02/06/20,17.01,17.62,18.74
03/06/20,17.04,17.63,18.74
04/06/20,17.08,17.67,18.77
05/06/20,17.11,17.68,18.77
06/06/20,17.15,17.71,18.78
07/06/20,17.16,17.72,18.78
08/06/20,17.19,17.75,18.78
09/06/20,17.31,17.85,18.87
10/06/20,17.39,17.91,18.92
11/06/20,17.46,17.97,18.97
12/06/20,17.52,18.02,19.03
13/06/20,17.52,18.03,19.03
14/06/20,17.53,18.03,19.03
15/06/20,17.54,18.04,19.04
16/06/20,17.56,18.05,19.05
17/06/20,17.63,18.11,19.1
18/06/20,17.72,18.19,19.17
19/06/20,17.79,18.26,19.23
20/06/20,17.92,18.4,19.33
21/06/20,17.96,18.44,19.35
22/06/20,18.01,18.49,19.39
23/06/20,18.11,18.59,19.45
24/06/20,18.2,18.66,19.5
25/06/20,18.27,18.72,19.53
26/06/20,18.28,18.73,19.54
27/06/20,18.29,18.74,19.54
28/06/20,18.29,18.74,19.54
29/06/20,18.3,18.74,19.54
30/06/20,18.3,18.75,19.54
01/07/20,18.35,18.8,19.56
02/07/20,18.4,18.85,19.58
03/07/20,18.43,18.88,19.6
04/07/20,18.46,18.92,19.62
05/07/20,18.47,18.93,19.62
06/07/20,18.49,18.95,19.63
07/07/20,18.52,18.99,19.64
08/07/20,18.53,19,19.66
09/07/20,18.57,19.04,19.68
10/07/20,18.63,19.1,19.7
11/07/20,18.65,19.12,19.71
12/07/20,18.65,19.12,19.72
13/07/20,18.65,19.13,19.72
14/07/20,18.67,19.15,19.73
15/07/20,18.68,19.16,19.73
16/07/20,18.67,19.15,19.73
17/07/20,18.67,19.15,19.73
18/07/20,18.66,19.14,19.72
19/07/20,18.66,19.14,19.72
20/07/20,18.65,19.13,19.7
21/07/20,18.64,19.12,19.7
22/07/20,18.64,19.12,19.71
23/07/20,18.65,19.14,19.74
24/07/20,18.66,19.15,19.74
25/07/20,18.66,19.15,19.74
26/07/20,18.66,19.15,19.74
27/07/20,18.66,19.15,19.74
28/07/20,18.66,19.15,19.74
29/07/20,18.65,19.15,19.74
30/07/20,18.64,19.13,19.73
31/07/20,18.61,19.1,19.72
01/08/20,18.59,19.08,19.71
02/08/20,18.59,19.08,19.71
03/08/20,18.58,19.07,19.7
04/08/20,18.57,19.05,19.7
05/08/20,18.58,19.07,19.71
06/08/20,18.59,19.07,19.73
07/08/20,18.59,19.07,19.73
08/08/20,18.58,19.06,19.72
09/08/20,18.57,19.04,19.71
10/08/20,18.56,19.03,19.71
11/08/20,18.55,19.03,19.7
12/08/20,18.55,19.02,19.7
13/08/20,18.53,19.02,19.7
14/08/20,18.54,19.02,19.71
15/08/20,18.53,19.02,19.7
16/08/20,18.53,19.02,19.7
17/08/20,18.53,19.01,19.7
18/08/20,18.53,19.02,19.7
19/08/20,18.55,19.03,19.7
20/08/20,18.57,19.05,19.7
21/08/20,18.58,19.07,19.69
22/08/20,18.58,19.07,19.68
23/08/20,18.58,19.08,19.68
24/08/20,18.59,19.08,19.67
25/08/20,18.59,19.09,19.66
26/08/20,18.68,19.19,19.69
27/08/20,18.75,19.25,19.72
28/08/20,18.78,19.27,19.72
29/08/20,18.76,19.25,19.71
30/08/20,18.76,19.25,19.71
31/08/20,18.76,19.25,19.71